종목코드,종목명,현재가,NAV,3개월수익률,거래량,거래대금,시가총액(억),등락률
069500,KODEX 200,109500,109509.0,-14.6419,22392717,2472199,250700,-3.22
360750,TIGER 미국S&P500,26105,26182.0,-7.0135,33017380,859466,208814,-0.36
133690,TIGER 미국나스닥100,183140,184712.0,-8.6487,5431497,995665,120378,-1.0
379800,KODEX 미국S&P500,23725,23801.0,-7.0192,28692274,678970,103832,-0.36
102110,TIGER 200,109805,109779.0,-14.8861,17434337,1929358,100142,-3.14
396500,TIGER 반도체TOP10,37490,37429.0,-20.0264,9779410,371980,99405,-4.84
379810,KODEX 미국나스닥100,27395,27620.0,-8.6466,28054668,769003,97745,-0.98
488770,KODEX 머니마켓액티브,105650,105654.0,0.9025,617801,65271,97681,0.0
278530,KODEX 200TR,39655,39661.0,-14.9091,644204,25726,77030,-3.16
459580,KODEX CD금리액티브(합성),1075890,1076204.0,0.7631,871633,937778,69981,0.01
381180,TIGER 미국필라델피아반도체나스닥,44000,44935.0,-20.552,1821930,80966,60104,-1.77
498400,KODEX 200타겟위클리커버드콜,20380,20370.0,-14.6435,5541158,113916,59693,-2.95
091160,KODEX 반도체,136275,135773.0,-15.8173,1314889,181125,57985,-2.94
0167A0,SOL AI반도체TOP2플러스,18350,18349.0,-26.2378,10378154,193596,56830,-4.15
122630,KODEX 레버리지,109370,109315.0,-38.1052,14518056,1618542,56216,-6.5
229200,KODEX 코스닥150,14125,14166.0,-11.1739,17451061,248861,47291,-0.18
310970,TIGER MSCI Korea TR,49165,49073.0,-14.8111,8092,404,45674,-3.52
148020,RISE 200,110375,110344.0,-14.9328,1216671,135604,44536,-3.13
458730,TIGER 미국배당다우존스,14440,14405.0,-5.6633,1861971,26788,42793,-0.45
0162Z0,RISE 삼성전자SK하이닉스채권혼합50,13715,13733.0,-7.837,4355176,60105,41378,-2.25
395160,KODEX AI반도체TOP2플러스,41200,41143.0,-24.1006,3709304,155080,41035,-4.26
360200,ACE 미국S&P500,26395,26469.0,-7.0253,1326007,34909,39936,-0.34
381170,TIGER 미국테크TOP10 INDXX,31630,31851.0,-1.1598,927689,29377,39000,-1.03
411060,ACE KRX금현물,25775,25663.0,-4.2035,1213595,31402,38559,-2.92
395270,HANARO Fn K-반도체,58750,58575.0,-22.8669,1572189,93503,36631,-4.14
423160,KODEX KOFR금리액티브(합성),110930,110906.0,0.7475,88917,9863,35987,0.02
367380,ACE 미국나스닥100,31485,31751.0,-8.6301,568736,17942,35704,-0.99
273130,KODEX 종합채권(AA-이상)액티브,109350,109403.0,-0.2948,9401,1027,35507,-0.52
233740,KODEX 코스닥150레버리지,6960,6987.0,-31.4005,57454733,408722,33951,-0.29
357870,TIGER CD금리투자KIS(합성),58125,58123.0,0.8239,192176,11169,33811,0.0
102780,KODEX 삼성그룹,26325,26384.0,-13.5345,257841,6885,33617,-1.77
487240,KODEX AI전력핵심설비,36360,36402.0,-11.391,1418369,52201,31924,-2.26
0043B0,TIGER 머니마켓액티브,103790,103786.0,0.968,296621,30785,31739,0.01
455890,RISE 머니마켓액티브,55605,55602.0,0.8891,131937,7335,30907,0.01
139260,TIGER 200 IT,140650,140554.0,-23.5152,412097,58326,26949,-3.09
472150,TIGER 배당커버드콜액티브,20680,20547.0,-15.7098,9825189,204390,26456,-2.87
486290,TIGER 미국나스닥100타겟데일리커버드콜,10620,10718.0,-9.0867,2085167,22194,26173,-0.93
426030,TIME 미국나스닥100액티브,47645,48665.0,-18.3566,777739,37327,26157,-2.44
481050,KODEX CD1년금리플러스액티브(합성),1024160,1024206.0,0.835,42557,43585,26029,0.01
278540,KODEX MSCI Korea TR,39140,39066.0,-15.198,20097,792,24110,-3.05
161510,PLUS 고배당주,25085,25156.0,4.8966,704215,17617,24074,1.15
449170,TIGER KOFR금리액티브(합성),111995,111993.0,0.7286,62278,6974,23881,0.01
385540,RISE 종합채권(A-이상)액티브,102400,102466.0,-0.2471,937,95,21873,-0.56
0193T0,KODEX SK하이닉스단일종목레버리지,10755,10681.0,-63.8152,16419363,180111,21771,-9.36
456600,TIME 글로벌AI인공지능액티브,58600,59448.0,-15.1482,179409,10598,20979,-2.82
284430,KODEX 200미국채혼합50,20740,20718.0,-13.2319,336673,7012,19977,-1.26
292150,TIGER 코리아TOP10,38500,38375.0,-16.6585,439525,17058,19096,-1.76
294400,KIWOOM 200TR,143850,143786.0,-14.7709,141047,20422,18197,-3.18
214980,KODEX 단기채권PLUS,114470,114484.0,0.692,35621,4077,18190,0.02
305720,KODEX 2차전지산업,14800,14836.0,-5.1325,4795350,70768,17849,3.32
442580,PLUS 글로벌HBM반도체,104695,106487.0,-20.1365,513108,54389,17599,-3.83
441640,KODEX 미국배당커버드콜액티브,12295,12336.0,-5.8858,893063,10943,17010,-0.36
475630,TIGER CD1년금리액티브(합성),1078495,1078498.0,0.8321,119816,129221,16898,0.01
105190,ACE 200,109850,109777.0,-15.2059,210046,23273,16532,-3.11
368590,RISE 미국나스닥100,30545,30802.0,-8.6125,296285,9072,16311,-1.04
446770,ACE 글로벌반도체TOP4 Plus,79310,80126.0,-18.42,84356,6741,15902,-2.14
329200,TIGER 리츠부동산인프라,4075,4088.0,4.703,4151695,16893,15719,-0.12
477080,RISE CD금리액티브(합성),107705,107707.0,0.7954,6527,702,15472,0.0
0177N0,KODEX 삼성전자SK하이닉스채권혼합50,14390,14378.0,-6.8153,3646649,52939,15340,-2.7
0193W0,KODEX 삼성전자단일종목레버리지,12505,12444.0,-34.5378,9475364,123674,15075,-10.36
379780,RISE 미국S&P500,22830,22885.0,-7.0997,163489,3722,15045,-0.26
152100,PLUS 200,111240,111182.0,-15.0354,288214,32448,14962,-3.08
487230,KODEX 미국AI전력핵심인프라,19590,19935.0,-28.0176,392424,7735,14761,-0.84
226490,KODEX 코스피,70810,70831.0,-14.4446,134858,9618,14481,-2.43
453850,ACE 미국30년국채액티브(H),6910,6935.0,-4.0059,2474126,17110,14304,-3.49
0195S0,TIGER SK하이닉스단일종목레버리지,9120,9079.0,-64.0556,10538541,98378,14223,-9.66
232080,TIGER 코스닥150,14395,14446.0,-11.5551,10444619,151910,14185,0.03
466920,SOL 조선TOP3플러스,26600,26705.0,-17.877,585302,15685,14111,-0.34
091230,TIGER 반도체,143260,143609.0,-15.2622,132280,19305,14068,-3.21
390390,KODEX 미국반도체,55175,56204.0,-16.966,400381,22239,13325,-1.47
448330,KODEX 삼성전자채권혼합,17545,17482.0,-0.3681,722345,12733,12966,-1.15
157450,TIGER 단기통안채,112705,112708.0,0.6339,11445,1289,12891,0.0
436140,SOL 종합채권(AA-이상)액티브,105760,105801.0,-0.0189,1301,137,12661,-0.52
438080,ACE 미국S&P500미국채혼합50액티브,13915,13921.0,-9.2424,310597,4307,12426,0.14
469150,ACE AI반도체TOP3+,61400,61324.0,-14.352,157333,9792,12157,-3.71
487340,ACE 머니마켓액티브,106125,106123.0,0.9608,36479,3871,11852,0.0
356540,ACE 종합채권(AA-이상)액티브,100930,100818.0,-0.1628,93258,9406,11734,-0.3
0072R0,TIGER KRX금현물,12290,12265.0,-4.6311,1055918,13041,11473,-2.96
455850,SOL AI반도체소부장,26995,26951.0,-2.0834,1779951,48679,11351,-1.82
494310,KODEX 반도체레버리지,87500,87184.0,-42.7855,2506248,225024,11288,-6.36
0183J0,TIGER 미국우주테크,7655,7780.0,-17.7595,1417584,10932,11287,-3.89
497570,TIGER 미국필라델피아AI반도체나스닥,22160,22556.0,-14.3112,457984,10222,11069,-1.82
465580,ACE 미국빅테크TOP7 Plus,24420,24537.0,0.8163,847042,20680,10855,-1.13
0139F0,TIGER 12월자동연장금융채(AA-이상)액티브,102285,102302.0,0.9023,1285,131,10820,-0.03
445290,KODEX 로봇액티브,30640,30586.0,-9.5334,151870,4697,10663,-1.16
469830,SOL 초단기채권액티브,54510,54508.0,0.9257,275093,14994,10637,0.0
494890,KODEX 200액티브,31610,31591.0,-15.4685,202669,6439,10589,-3.11
494300,KODEX 미국나스닥100데일리커버드콜OTM,9030,9066.0,-12.3678,1255760,11332,10448,-0.39
449180,KODEX 미국S&P500(H),17210,17284.0,5.085,393440,6782,10403,-0.84
451540,TIGER 종합채권(AA-이상)액티브,52585,52596.0,-0.2078,5851,307,10366,-0.49
479520,RISE KOFR금리액티브(합성),106575,106610.0,0.7371,3711,395,10345,-0.02
295040,SOL 200TR,41085,41069.0,-15.1091,48933,2018,10169,-3.15
446720,SOL 미국배당다우존스,13250,13205.0,-5.6785,292681,3858,10163,-0.38
0117V0,TIGER 코리아AI전력기기TOP3플러스,18985,18995.0,-11.826,757472,14504,10157,-2.39
449450,PLUS K방산,50500,50374.0,-18.4325,358282,18138,9762,0.99
315930,KODEX Top5PlusTR,79615,79585.0,-14.0159,8513,683,9554,-1.72
495050,RISE 코리아밸류업,32310,32278.0,-14.9577,193737,6276,9548,-1.85
438100,ACE 미국나스닥100미국채혼합50액티브,15230,15257.0,-9.7936,254559,3878,9473,-0.39
402970,ACE 미국배당다우존스,14665,14636.0,-5.8733,512253,7469,9415,-0.31
237350,KODEX 코스피100,87580,87405.0,-16.6925,115539,10204,9415,-2.72
305540,TIGER 2차전지테마,18905,18967.0,-1.7752,396234,7477,9405,3.53
0048J0,KODEX 미국머니마켓액티브,13645,13639.0,-11.0682,669144,9089,9278,0.52
0195R0,TIGER 삼성전자단일종목레버리지,11375,11313.0,-35.7975,4639163,55020,9231,-10.29
479080,1Q 머니마켓액티브,53895,53893.0,0.9081,16329,879,8850,0.01
0117L0,KODEX 26-12 금융채(AA-이상)액티브,10180,10176.0,0.792,7421,75,8718,0.0
0219E0,KODEX 200커버드콜액티브,8475,8427.0,,13592378,115994,8560,-2.87
475720,RISE 200위클리커버드콜,12720,12663.0,-8.8354,1451235,18575,8548,-2.04
466940,TIGER 은행고배당플러스TOP10,27315,27405.0,10.9772,511463,13889,8522,1.62
498410,KODEX 금융고배당TOP10타겟위클리커버드콜,11905,11896.0,9.3146,1704428,20152,8512,1.28
490590,RISE 미국AI밸류체인데일리고정커버드콜,14430,14638.0,-7.2344,804346,11667,8304,-1.94
0177R0,TIGER 반도체TOP10커버드콜액티브,11500,11522.0,-21.8234,1788541,20912,8280,-4.49
069660,KIWOOM 200,109485,109483.0,-14.5182,154264,17041,8266,-3.21
441800,TIME Korea플러스배당액티브,29060,28995.0,-13.5647,206123,5993,7968,-1.12
272580,TIGER 단기채권액티브,57190,57192.0,0.8195,14680,839,7909,-0.03
114800,KODEX 인버스,998,1000.0,2.3305,529749812,523661,7903,3.31
252670,KODEX 200선물인버스2X,73,72.0,-11.8422,3182855389,226076,7857,8.96
0025N0,TIGER TDF2045 적격,11935,11983.0,-6.3555,225605,2686,7835,0.0
462330,KODEX 2차전지산업레버리지,1038,1041.0,-19.8037,85379840,87704,7753,5.92
153130,KODEX 단기채권,113210,113185.0,0.6556,10493,1187,7753,0.01
476550,TIGER 미국30년국채커버드콜액티브(H),6555,6569.0,-4.2036,1714477,11247,7512,-3.1
457480,ACE 테슬라밸류체인액티브,18155,18305.0,-18.2095,401378,7356,7507,-3.76
456610,TIGER 미국달러SOFR금리액티브(합성),59440,59439.0,-10.8229,34991,2069,7449,0.54
418660,TIGER 미국나스닥100레버리지(합성),41150,41870.0,-17.8128,459399,18975,7325,-2.05
144600,KODEX 은선물(H),9975,9965.0,5.2993,1028005,10399,7282,-7.04
481060,KODEX 미국30년국채타겟커버드콜(합성 H),7105,7165.0,-2.5105,1036608,7381,7233,-3.33
329750,TIGER 미국달러단기채권액티브,12910,12914.0,-11.2341,227524,2928,7037,0.55
367760,RISE 네트워크인프라,60815,60700.0,-22.3865,133628,8243,7024,-1.84
0061Z0,RISE 단기특수은행채액티브,51090,51092.0,0.7889,684,34,7024,-0.02
364980,TIGER 2차전지TOP10,10255,10289.0,0.8088,3161325,32395,6994,2.86
0127P0,ACE 미국대형성장주액티브,10540,10641.0,-9.2721,5090,53,6967,-0.57
434730,HANARO 원자력iSelect,58235,58155.0,-12.1372,109308,6379,6901,-0.32
290130,RISE ESG사회책임투자,48045,47885.0,-17.0511,85285,4128,6822,-2.84
458760,TIGER 미국배당다우존스타겟커버드콜2호,10565,10543.0,-6.1274,256414,2694,6788,-0.33
314250,KODEX 미국빅테크10(H),64170,64750.0,15.0603,24927,1608,6693,-1.48
0101N0,RISE AI전력인프라,21245,21257.0,3.6956,408926,8746,6692,-1.02
482730,TIGER 미국S&P500타겟데일리커버드콜,11585,11606.0,-7.1857,416565,4812,6685,-0.26
495850,KODEX 코리아밸류업,32095,32059.0,-14.8464,92489,2982,6676,-2.0
0167B0,SOL 200타겟위클리커버드콜,11900,11846.0,-15.203,1989616,23857,6569,-2.82
102970,KODEX 증권,17510,17539.0,-14.6787,408138,7161,6522,-1.93
0007F0,KODEX 27-12 회사채(AA-이상)액티브,10185,10190.0,0.7418,13863,141,6511,0.0
371460,TIGER 차이나전기차SOLACTIVE,9015,9023.0,-27.2051,166380,1502,6466,-2.91
0148J0,TIGER 코리아휴머노이드로봇산업,9470,9456.0,-3.724,1229079,11812,6440,-2.32
434060,KODEX TDF2050액티브 적격,16800,16758.0,-8.0118,100555,1686,6350,-0.39
0091P0,TIGER 코리아원자력,17590,17624.0,1.7893,1745629,30783,6297,1.38
491010,TIGER 글로벌AI전력인프라액티브,24875,25293.0,-32.5942,85186,2126,6283,-1.41
0015B0,KoAct 미국나스닥성장기업액티브,19380,19746.0,-20.5983,225961,4402,6269,-2.0
488080,TIGER 반도체TOP10레버리지,35900,35766.0,-48.6752,5063860,187824,6265,-10.25
138540,TIGER 현대차그룹플러스,47050,47078.0,-16.0019,135434,6362,6117,0.88
491620,RISE 미국테크100데일리고정커버드콜,10560,10630.0,-5.8223,922402,9748,6014,-0.71
251600,PLUS 고배당주채권혼합,15375,15385.0,2.9523,215241,3303,5966,0.49
489250,KODEX 미국배당다우존스,12420,12397.0,-5.7363,686483,8480,5949,-0.4
423920,TIGER 미국필라델피아반도체레버리지(합성),87680,91497.0,-42.5299,168476,15030,5945,-3.38
0019K0,TIME 미국나스닥100채권혼합50액티브,13470,13565.0,-8.6109,364317,4907,5812,-0.85
466950,TIGER 글로벌AI액티브,31360,31885.0,-28.0738,125185,3945,5811,-2.0
277630,TIGER 코스피,71970,71881.0,-13.307,49331,3569,5794,-2.36
484790,KODEX 미국30년국채액티브(H),7945,7961.0,-4.1295,1588857,12631,5735,-3.17
449190,KODEX 미국나스닥100(H),22795,23016.0,3.1536,264085,6053,5722,-1.47
451000,PLUS 종합채권(AA-이상)액티브,106785,106822.0,-0.1627,53,5,5650,-0.58
477050,PLUS 머니마켓액티브,53625,53623.0,0.9222,125953,6753,5546,0.01
494670,TIGER 조선TOP10,21230,21262.0,-15.5883,278798,5941,5414,0.14
455030,KODEX 미국달러SOFR금리액티브(합성),11725,11730.0,-11.0256,60813,710,5382,0.34
0105E0,SOL 코리아고배당,12905,12926.0,2.2703,282706,3629,5343,1.14
462010,TIGER 2차전지소재Fn,4830,4844.0,-12.5117,2842907,13643,5291,3.09
371160,TIGER 차이나항셍테크,6415,6413.0,-12.4425,168764,1079,5212,-1.0
396520,TIGER 차이나반도체FACTSET,12600,12565.0,-26.9962,544668,6938,5181,-6.25
315960,RISE 대형고배당10TR,78200,78061.0,-15.8206,47505,3735,5161,-1.96
496020,WON 전단채플러스액티브,52585,52592.0,0.9697,3207,168,5126,0.01
365780,ACE 국고채10년,81400,81411.0,-0.4888,7546,614,5123,-1.29
435420,TIGER 미국나스닥100채권혼합50,14120,14170.0,-4.1296,252115,3569,5097,-0.67
444200,SOL 코리아메가테크액티브,45200,45001.0,-17.8101,30030,1364,5017,-1.36
361580,RISE 200TR,62315,62274.0,-14.9574,130861,8222,5016,-3.09
438330,TIGER 우량회사채액티브,115040,115135.0,0.6669,8616,991,4989,-0.37
114260,KODEX 국고채3년,61470,61529.0,0.2844,31174,1917,4958,-0.36
496080,TIGER 코리아밸류업,32200,32159.0,-14.7534,126614,4096,4943,-1.8
251350,KODEX MSCI선진국,38425,38582.0,-7.0379,27328,1049,4918,-0.75
463250,TIGER K방산&우주,32915,32869.0,-14.9318,195853,6478,4904,0.57
0163Y0,KoAct 코스닥액티브,9880,9859.0,-5.7428,517454,5150,4896,-0.5
448290,TIGER 미국S&P500(H),17830,17905.0,4.8401,212625,3794,4894,-0.81
476800,KODEX 한국부동산리츠인프라,4205,4221.0,3.7327,665673,2794,4863,-0.24
471990,KODEX AI반도체핵심장비,26695,26746.0,1.8367,690514,18774,4672,-2.39
483280,KODEX 미국AI테크TOP10타겟커버드콜,11905,12008.0,-2.6632,162982,1943,4655,-0.79
499660,TIGER CD금리플러스액티브(합성),1002855,1002850.0,0.8211,14423,14464,4638,0.01
0190C0,RISE 현대차고정피지컬AI,7660,7691.0,-24.9012,619327,4786,4619,0.79
490490,SOL 미국배당미국채혼합50,10655,10620.0,-9.5568,188622,1997,4603,-0.47
471230,KODEX 국고채10년액티브,102550,102475.0,-0.5895,42715,4376,4480,-1.13
451060,1Q 200액티브,35165,35123.0,-15.2302,74829,2654,4431,-2.95
243880,TIGER 200IT레버리지,339005,342849.0,-54.4682,77128,26991,4407,-6.87
447770,TIGER 테슬라채권혼합Fn,13850,13851.0,-3.522,160297,2219,4384,-0.72
293180,HANARO 200,109835,109813.0,-14.8539,19981,2220,4338,-3.12
474220,TIGER 미국테크TOP10타겟커버드콜,15055,15139.0,-0.8128,110131,1656,4246,-0.76
0016X0,SOL 중단기회사채(A-이상)액티브,51470,51460.0,0.8614,959,49,4214,-0.09
448300,TIGER 미국나스닥100(H),23515,23746.0,2.9648,187256,4424,4209,-1.49
0023A0,SOL 미국양자컴퓨팅TOP10,23980,24410.0,-27.4324,272154,6567,4197,-4.88
0162M0,KODEX 금융채1~2년(AA-이상)PLUS액티브,10030,10047.0,0.9031,26332,263,4195,-0.25
385560,RISE KIS국고채30년Enhanced,49905,49813.0,-4.5173,32581,1615,4118,-1.82
426020,TIME 미국S&P500액티브,31965,32219.0,-11.5132,93341,2985,4060,-0.98
0210A0,ACE K반도체TOP2+,7505,7540.0,-22.4258,3353707,25612,4008,-4.21
302450,RISE 코스피,71450,71413.0,-13.4005,17074,1222,4001,-2.3
0173Y0,KODEX 미국AI광통신네트워크,10735,11030.0,-22.315,443350,4822,3988,-5.04
148070,KIWOOM 국고채10년,103145,103183.0,-0.6046,22257,2296,3976,-1.2
480260,TIGER 27-04회사채(A+이상)액티브,53865,53876.0,0.7292,7886,424,3957,-0.01
0060H0,TIGER 토탈월드스탁액티브,12520,12549.0,-8.0857,119164,1488,3931,-0.44
385720,TIME 코스피액티브,25550,25526.0,-17.9806,30123,775,3909,-2.16
0046A0,TIGER 미국초단기(3개월이하)국채,9450,9447.0,-10.9809,634610,5978,3885,0.43
241180,TIGER 일본니케이225,34350,34386.0,-15.3578,35855,1233,3827,1.18
476760,ACE 미국30년국채액티브,8520,8544.0,-15.3982,1195891,10181,3766,-2.96
474590,WON 반도체밸류체인액티브,48100,47997.0,-10.7208,50035,2438,3752,-2.43
0040Y0,SOL 팔란티어커버드콜OTM채권혼합,8145,8065.0,6.5194,513138,4165,3751,0.56
439860,KODEX ESG종합채권(A-이상)액티브,113240,113543.0,0.5489,37,4,3696,-0.29
469070,RISE AI&로봇,10870,10861.0,-5.5748,122070,1335,3647,-0.5
245710,ACE 베트남VN30(합성),28135,28322.0,-12.2478,20528,577,3629,-1.95
0131V0,1Q 미국우주항공테크,11075,11176.0,-10.9425,83751,928,3622,-0.67
091180,KODEX 자동차,25570,25615.0,-18.2795,139229,3542,3618,2.01
458250,TIGER 미국30년국채스트립액티브(합성 H),32670,32915.0,-7.3589,287388,9412,3602,-5.63
310960,TIGER 200TR,63885,63978.0,-15.9272,51778,3338,3578,-3.26
484880,SOL 금융지주플러스고배당,23215,23238.0,12.0588,585304,13503,3575,1.6
132030,KODEX 골드선물(H),23355,23333.0,4.4123,114733,2708,3527,-3.71
0144L0,KODEX 미국성장커버드콜액티브,9625,9699.0,-5.8115,181173,1742,3513,-0.57
0167Z0,KODEX 미국우주항공,7630,7747.0,-24.707,355858,2732,3510,-2.68
442570,RISE TDF2050액티브 적격,17315,17335.0,-7.4012,132853,2303,3506,-1.42
279530,KODEX 고배당주,17645,17640.0,6.2211,228658,4005,3494,1.73
0080G0,KODEX 방산TOP10,9995,9954.0,-15.0107,1769016,17690,3468,1.27
0026S0,1Q 미국S&P500,12740,12780.0,-7.1713,108567,1379,3440,-0.31
472170,TIGER 미국테크TOP10채권혼합,14110,14085.0,-0.4928,74434,1049,3429,-0.18
385510,KODEX 신재생에너지액티브,39370,39331.0,-2.3304,118561,4661,3425,2.66
0094M0,RISE 코리아밸류업위클리고정커버드콜,17230,17189.0,-10.1612,982119,17002,3420,-1.51
0182R0,1Q K반도체TOP2+,10895,10882.0,-22.9542,1774144,19667,3377,-3.97
0052D0,TIGER 코리아배당다우존스,15415,15523.0,3.7149,114887,1771,3360,1.28
456880,ACE 미국달러SOFR금리(합성),12015,12010.0,-11.14,80699,966,3314,0.42
270810,RISE 코스닥150,14060,14101.0,-10.7483,231098,3270,3290,-0.11
462900,KoAct 바이오헬스케어액티브,12520,12543.0,-18.3714,482880,6123,3280,-0.08
448630,RISE 삼성그룹Top3채권혼합,15255,15271.0,1.8242,98656,1513,3280,-0.62
473290,KODEX 26-12 회사채(AA-이상)액티브,10895,10899.0,0.7863,30386,331,3245,0.0
0043Y0,TIME 차이나AI테크액티브,18890,19014.0,-26.8148,130764,2478,3240,-3.67
0052S0,1Q 미국S&P500미국채혼합50액티브,11465,11493.0,-9.0255,163306,1866,3233,0.09
475300,SOL 반도체전공정,24130,24097.0,-1.6953,859338,20928,3161,-2.09
453810,KODEX 인도Nifty50,10875,10922.0,-14.4254,74224,815,3148,-2.25
485540,KODEX 미국AI테크TOP10,15515,15655.0,-1.7105,97350,1513,3119,-1.21
0094K0,TIGER 28-04 회사채(A+이상)액티브,99340,99358.0,0.7385,8260,820,3103,-0.23
489030,PLUS 고배당주위클리커버드콜,6385,6371.0,9.4214,646866,4106,3094,2.0
0111P0,1Q 미국나스닥100미국채혼합50액티브,10825,10887.0,-9.8563,100716,1088,3085,-0.32
385550,RISE 단기채권알파액티브,114170,114317.0,0.7935,26499,3025,3020,-0.12
433330,SOL 미국S&P500,21785,21858.0,-7.0475,145308,3157,3006,-0.39
454780,KIWOOM 종합채권(AA-이상)액티브,98930,99087.0,0.0,24,2,2999,-0.76
091170,KODEX 은행,16700,16738.0,13.7774,693166,11517,2989,1.92
0008S0,TIGER 미국배당다우존스타겟데일리커버드콜,9510,9473.0,-5.9524,365129,3446,2977,-0.31
497880,SOL CD금리&머니마켓액티브,50150,50147.0,0.963,114233,5728,2972,0.0
190620,ACE 단기통안채,102110,102109.0,0.6603,7214,736,2968,-0.02
471780,TIGER 코리아테크액티브,38200,38082.0,-13.1172,197888,7615,2941,-2.66
483320,ACE 엔비디아밸류체인액티브,25340,25745.0,-17.1139,121772,3106,2939,-2.93
0038A0,KODEX 미국휴머노이드로봇,15465,15622.0,-14.5721,57817,895,2938,-0.74
481190,SOL 미국테크TOP10,17175,17294.0,-0.7442,162369,2791,2937,-0.95
475080,KODEX 테슬라커버드콜채권혼합액티브,7995,7937.0,-2.726,116534,928,2902,0.19
0098F0,KODEX 원자력SMR,16150,16178.0,-0.1238,1068746,17387,2883,0.06
136340,RISE 중기우량회사채,103770,103795.0,0.4133,20417,2118,2850,-0.25
441680,TIGER 미국나스닥100커버드콜(합성),10795,10883.0,-7.6637,67719,731,2839,0.19
273140,KODEX 단기변동금리부채권액티브,114620,114626.0,0.6739,2310,264,2798,0.0
461490,RISE 글로벌자산배분액티브,14510,14493.0,-2.8268,63903,925,2786,-0.68
473330,SOL 미국30년국채커버드콜(합성),7630,7675.0,-15.0933,476029,3623,2751,-2.24
307520,TIGER 지주회사,22300,22302.0,-0.7363,498953,11199,2732,-0.04
0228G0,ACE 반도체Plus전략산업,10115,10124.0,,608289,6215,2706,-2.03
471040,KoAct 글로벌AI&로봇액티브,29685,30089.0,-21.8431,19890,595,2701,-1.82
421320,PLUS 우주항공,27995,27969.0,-5.9469,37048,1048,2688,-1.11
453870,TIGER 인도니프티50,10675,10691.0,-15.3684,56877,613,2674,-2.42
439870,KODEX 국고채30년액티브,86400,86337.0,-3.1818,12294,1057,2673,-1.75
409820,KODEX 미국나스닥100레버리지(합성 H),21005,21438.0,4.8668,97566,2070,2657,-3.0
423170,SOL 글로벌AI반도체탑픽액티브,59280,59987.0,-16.3057,47153,2807,2656,-3.19
0162Y0,TIME 코스닥액티브,7820,7845.0,-12.666,308501,2444,2655,-0.95
213610,KODEX 삼성그룹밸류,22255,22329.0,-8.2777,16480,368,2648,-1.79
0183V0,KIWOOM 삼성전자&SK하이닉스채권혼합50,11875,11860.0,-5.8881,621348,7440,2648,-2.34
0232A0,MIDAS 머니마켓액티브,100315,100325.0,,1,0,2592,0.0
196230,RISE 단기통안채,117070,117089.0,0.5971,3224,377,2587,0.0
486830,HANARO 머니마켓액티브,53410,53407.0,0.9068,2016,107,2546,0.0
123320,TIGER 레버리지,110580,110100.0,-37.4072,97274,10966,2543,-6.23
364970,TIGER 바이오TOP10,6780,6727.0,-1.4243,1054863,7143,2543,3.12
388420,RISE 비메모리반도체액티브,28855,28800.0,-18.3549,52709,1534,2539,-2.38
472920,HK 종합채권(AA-이상)액티브,97690,97664.0,-0.1426,11,1,2526,-0.41
483340,ACE 구글밸류체인액티브,22260,22678.0,-15.5527,74936,1686,2504,-3.2
117700,KODEX 건설,7075,7065.0,9.8372,2337189,16465,2483,1.65
139230,TIGER 200 중공업,12710,12709.0,-16.5475,62793,801,2481,-0.59
495230,KoAct 코리아밸류업액티브,31355,31297.0,-17.1551,21199,669,2461,-1.92
228790,TIGER 화장품,4270,4273.0,31.6279,2594717,11121,2451,0.59
493810,TIGER 미국AI빅테크10타겟데일리커버드콜,11375,11445.0,-2.6393,123308,1403,2423,-0.74
363580,KODEX 200IT TR,57000,56951.0,-21.6053,70609,4088,2366,-3.06
0182S0,1Q K반도체TOP2채권혼합50,12650,12687.0,-8.0834,224179,2865,2353,-2.84
283580,KODEX 차이나CSI300,14300,14277.0,-16.818,109811,1574,2352,-3.44
0053L0,TIGER 차이나휴머노이드로봇,8745,8767.0,-26.651,474655,4177,2348,-3.21
363570,KODEX 장기종합채권(AA-이상)액티브,85355,85638.0,-1.4216,51175,4368,2317,-1.14
472160,TIGER 미국테크TOP10 INDXX(H),19470,19628.0,11.2644,165821,3241,2307,-1.44
329650,KODEX TRF3070,13975,14021.0,-2.8325,21074,293,2306,-0.18
0092C0,SOL 27-12 회사채(AA-이상)액티브,50280,50274.0,0.8016,2085,104,2296,-0.04
0089D0,KODEX 금융고배당TOP10,13545,13577.0,7.4309,253527,3425,2276,1.23
0151S0,KODEX 미국AI반도체TOP3플러스,15930,16265.0,-10.784,181232,2919,2254,-3.34
422420,RISE 2차전지액티브,6840,6870.0,-8.076,176556,1207,2239,3.01
498270,KIWOOM 미국양자컴퓨팅,14835,15090.0,-15.2175,52960,792,2233,-2.18
452360,SOL 미국배당다우존스(H),13070,13061.0,6.3809,157380,2053,2222,-0.76
478150,TIME 글로벌우주테크&방산액티브,17990,18102.0,-19.9912,107117,1917,2222,-0.33
433500,ACE 원자력TOP10,58240,58340.0,-0.7494,60981,3567,2213,-0.07
488980,SOL 26-12 회사채(AA-이상)액티브,52235,52228.0,0.8203,34,1,2189,0.01
437080,KODEX 미국종합채권ESG액티브(H),94700,94772.0,-1.8278,6623,627,2177,-1.49
271050,KODEX WTI원유선물인버스(H),1713,1720.0,-25.8145,6985651,12037,2170,-4.78
0104N0,TIGER 200타겟위클리커버드콜,21015,21003.0,-14.475,127089,2694,2165,-3.11
458260,TIGER 미국투자등급회사채액티브(H),45070,45142.0,-2.3679,12424,560,2163,-2.03
442320,RISE 글로벌원자력,34260,34407.0,-17.9537,11788,403,2155,-1.17
0119H0,KODEX 28-12 회사채(AA-이상)액티브,9900,9917.0,0.4052,62022,614,2130,-0.1
157500,TIGER 증권,11940,11922.0,-14.1099,228011,2720,2125,-1.44
266160,RISE 고배당,33420,33269.0,-11.0247,16764,561,2122,-1.36
305080,TIGER 미국채10년선물,11765,11762.0,-13.9704,85883,1007,2118,-1.01
490090,TIGER 미국AI빅테크10,16110,16203.0,-1.695,56612,911,2110,-0.8
0233J0,TIGER 삼성전자SK하이닉스미국채혼합50,10540,10606.0,,442876,4691,2108,-2.54
244580,KODEX 바이오,7995,7977.0,-10.4752,614124,4948,2091,2.24
332930,HANARO 200TR,143740,143768.0,-14.6079,282,40,2084,-3.06
448540,ACE 엔비디아채권혼합,26560,26572.0,0.5647,23907,634,2072,-0.56
486450,SOL 미국AI전력인프라,18590,18888.0,-24.8328,62404,1164,2036,-2.67
0005A0,KODEX 미국S&P500데일리커버드콜OTM,9280,9310.0,-7.5572,234553,2179,2023,-0.75
267770,TIGER 200선물레버리지,83940,83651.0,-37.4503,96464,8294,2015,-6.36
463050,TIME K바이오액티브,11135,11085.0,-16.5403,203865,2280,2010,1.23
0069M0,1Q 미국나스닥100,13685,13804.0,-8.7719,104870,1436,1998,-0.94
480040,ACE 미국반도체데일리타겟커버드콜(합성),14615,14811.0,-23.5564,136782,2007,1988,-0.51
0093A0,RISE AI반도체TOP10,35310,35247.0,-8.4863,131869,4742,1942,-3.7
302190,TIGER 중장기국채,49650,49666.0,-0.07,6364,316,1926,-0.75
433980,KODEX TDF2040액티브 적격,15760,15761.0,-6.3875,33140,521,1923,-0.28
0204D0,KODEX 현대차로보틱스밸류체인TOP3플러스,5645,5649.0,-22.3923,344833,1949,1922,1.16
495060,TIME 코리아밸류업액티브,28230,28205.0,-24.2172,33445,951,1920,-2.79
0115D0,KODEX 조선TOP10,7335,7347.0,-17.7194,495256,3652,1896,-0.34
495550,SOL 코리아밸류업TR,32880,32823.0,-14.7856,8601,284,1891,-1.81
494330,ACE 라이프자산주주가치액티브,33060,33025.0,0.4865,13110,432,1884,-0.48
0082V0,KODEX TDF2060액티브 적격,11250,11217.0,-7.6361,38876,436,1884,-0.27
466930,SOL 자동차TOP3플러스,23455,23513.0,-22.9226,117537,2770,1853,0.95
0091C0,KODEX 미국10년국채액티브(H),9260,9266.0,-2.373,250386,2319,1853,-1.65
0005G0,IBK K-AI반도체코어테크,53600,53514.0,-13.035,12904,700,1849,-3.41
261260,KODEX 미국달러선물인버스2X,5465,5469.0,28.2229,199136,1095,1838,-1.0
429000,TIGER 미국S&P500배당귀족,12700,12697.0,-9.6192,73755,932,1829,-0.63
473460,KODEX 미국서학개미,24120,24393.0,-7.4382,26751,646,1821,-2.17
412570,TIGER 2차전지TOP10레버리지,1207,1227.0,-14.8039,7542235,9056,1798,4.87
0047A0,TIGER 차이나테크TOP10,11870,11797.0,-17.8267,203032,2469,1792,-5.15
494220,UNICORN SK하이닉스밸류체인액티브,50990,50885.0,-16.1324,59729,3063,1785,-2.55
480020,ACE 미국빅테크7+데일리타겟커버드콜(합성),9970,10027.0,-6.6586,209310,2087,1785,-0.99
332500,ACE 200TR,73945,73683.0,-14.9302,28623,2133,1775,-2.83
0190G0,KODEX 반도체타겟위클리커버드콜,9435,9393.0,-11.2962,298231,2843,1774,-2.68
414780,TIGER 차이나과창판STAR50(합성),12900,13008.0,-20.6867,192962,2525,1767,-6.93
122090,PLUS 코스피50,82455,82346.0,-17.6161,16467,1371,1756,-2.98
483290,KODEX 미국배당다우존스타겟커버드콜,9915,9889.0,-6.1142,199639,1967,1755,-0.3
0040X0,SOL 팔란티어미국채커버드콜혼합,9355,9352.0,1.3372,183143,1706,1754,-0.37
0099L0,ACE 우량회사채(AA-이상)액티브,99350,99407.0,0.7844,85,8,1743,-0.22
0192Z0,TIGER 중기종합채권(A-이상)액티브,100700,100716.0,0.6532,44,4,1734,-0.22
461950,KODEX 2차전지핵심소재10,4920,4943.0,-10.6603,1223451,5990,1732,3.36
233160,TIGER 코스닥150 레버리지,7700,7716.0,-31.6608,2637885,20768,1709,0.06
476450,KIWOOM 머니마켓액티브,52885,52881.0,0.8679,2525,133,1706,0.01
403790,MIDAS 코스피액티브,58240,58098.0,-13.1306,38,2,1704,-1.97
490600,RISE 미국배당100데일리고정커버드콜,8565,8562.0,-7.101,273394,2331,1640,-0.64
337160,KODEX 200ESG,48200,48164.0,-14.8827,14569,710,1639,-2.93
0153K0,KODEX 주주환원고배당주,12285,12297.0,7.4452,143539,1750,1634,1.95
237370,KODEX 코리아배당성장채권혼합,15575,15601.0,0.7971,49339,767,1620,0.32
480030,ACE 미국500데일리타겟커버드콜(합성),9595,9629.0,-9.1024,90075,864,1612,-0.52
472870,RISE 미국30년국채엔화노출(합성 H),6570,6587.0,-14.3024,322400,2110,1593,-3.1
491820,HANARO 전력설비투자,43530,43547.0,-10.9837,72150,3159,1589,-2.43
0193G0,KoAct 코스피액티브,8450,8455.0,-18.5655,232483,1976,1589,-2.71
488720,WON 종합채권(AA-이상)액티브,48450,48488.0,-0.0822,28,1,1587,-0.45
272560,RISE 단기국공채액티브,114865,114849.0,0.692,36682,4214,1585,-0.07
200250,KIWOOM 인도Nifty50(합성),19910,20018.0,-14.0851,15949,318,1573,-2.85
0005D0,SOL 전고체배터리&실리콘음극재,14895,14979.0,-10.2404,806945,12000,1571,3.62
160580,TIGER 구리실물,16190,16504.0,-2.0348,47820,773,1570,-1.1
152870,파워 200,110570,110515.0,-14.4922,4762,534,1548,-3.12
0064K0,KODEX 금액티브,11910,11911.0,-7.2076,125318,1502,1536,-3.13
354500,ACE 코스닥150,14285,14318.0,-11.2252,65173,939,1514,0.07
0180V0,ACE 미국우주테크액티브,7955,8053.0,-20.0885,106118,850,1511,-2.21
394670,TIGER 글로벌리튬&2차전지SOLACTIVE(합성),10310,10362.0,-21.7343,22863,235,1505,-1.95
458210,KIWOOM CD금리액티브(합성),110820,110793.0,0.7865,2626,291,1488,-0.02
219480,KODEX 미국S&P500선물(H),33220,33248.0,4.7715,10519,349,1478,-0.79
138520,TIGER 삼성그룹,36250,36192.0,-10.6538,7413,270,1465,-1.76
0151P0,RISE 코리아전략산업액티브,14850,14825.0,-19.4497,65953,993,1463,-3.26
438560,SOL 국고채3년,99965,99980.0,0.3801,329,32,1461,-0.38
0104H0,KoAct 미국나스닥채권혼합50액티브,11935,12030.0,-11.0699,34792,416,1456,-0.29
491610,1Q CD금리액티브(합성),105095,105073.0,0.7671,1426,149,1453,0.01
0051G0,SOL 미국원자력SMR,11715,11821.0,-22.397,92325,1088,1447,-5.03
0127M0,ACE 미국대형가치주액티브,12020,12091.0,-9.5924,168105,2009,1442,-0.17
481180,SOL 미국AI소프트웨어,16635,16664.0,17.5761,81159,1347,1422,0.27
471760,TIGER AI반도체핵심공정,15375,15351.0,-13.8905,694510,10855,1422,-0.19
0041E0,KODEX 미국S&P500액티브,16270,16358.0,-13.3882,126273,2052,1415,-0.46
0199C0,ACE 고배당주Plus커버드콜액티브,9275,9246.0,1.132,567412,5225,1405,0.92
0048K0,KODEX 차이나휴머노이드로봇,7810,7813.0,-26.7939,297565,2329,1398,-1.76
498180,파워 종합채권(AA-이상)액티브,92630,92897.0,-0.4,2,0,1396,-0.82
457990,PLUS 태양광&ESS,36255,36466.0,-5.0959,558190,20264,1396,6.09
143860,TIGER 헬스케어,34930,34866.0,-7.0697,13265,466,1390,1.42
245340,TIGER 미국다우존스30,34315,34420.0,-10.4679,14399,492,1386,-0.13
0131W0,1Q 단기특수은행채액티브,102305,102310.0,0.7435,2023,206,1380,0.0
495330,1Q 코리아밸류업,31975,31922.0,-14.6244,2126,68,1375,-2.13
451530,TIGER 국고채30년스트립액티브,34630,34382.0,-7.1298,33048,1134,1368,-1.9
476030,SOL 미국나스닥100,17355,17502.0,-8.5188,99266,1727,1354,-1.03
139220,TIGER 200 건설,7895,7918.0,0.5076,263213,2082,1339,-0.32
0092B0,SOL 한국원자력SMR,15965,15944.0,0.7611,93073,1484,1325,0.5
463680,KODEX 미국S&P500테크놀로지,23025,23141.0,-7.1236,24096,555,1324,-0.32
0091M0,HANARO 27-06 회사채(AA-이상)액티브,10165,10166.0,0.594,233,2,1304,0.05
411420,KODEX 미국나스닥AI테크액티브,27215,27550.0,-5.5286,10914,297,1293,-1.38
0181B0,HANARO 미국AI메모리반도체TOP4+,10000,10235.0,-25.3694,177088,1782,1270,-3.43
461500,HANARO 종합채권(AA-이상)액티브,104240,104536.0,-0.1568,40,4,1264,-0.84
325010,KODEX 성장주,43595,43529.0,-16.3972,1639,72,1264,-2.5
463290,1Q 단기금융채액티브,109460,109460.0,0.7966,536,58,1263,0.01
0074K0,KoAct K수출핵심기업TOP30액티브,16895,16866.0,-17.0957,31921,544,1250,-1.03
448100,WON 200,113110,112694.0,-15.3493,11170,1272,1244,-2.53
304660,KODEX 미국30년국채울트라선물(H),6965,6981.0,-3.9151,42628,297,1240,-3.8
0197X0,SOL SK하이닉스선물단일종목인버스2X,5935,5981.0,-37.0735,12679153,73823,1239,9.1
0000Y0,HK 26-12 회사채(AA-이상)액티브,102060,102066.0,0.7801,20,2,1235,0.0
447620,SOL 미국TOP5채권혼합50,15820,15894.0,1.3065,41068,651,1234,-0.47
0123G0,TIGER 미국AI전력SMR,5940,6002.0,-24.8176,182856,1092,1224,-3.88
192090,TIGER 차이나CSI300,11695,11658.0,-18.5536,113875,1334,1210,-2.95
438570,SOL 국고채10년,96810,97005.0,-0.4869,341,33,1208,-1.34
377990,TIGER Fn신재생에너지,24385,24457.0,-12.9003,76042,1866,1207,2.54
328370,PLUS 코스피TR,38820,38699.0,-14.8005,66,2,1203,-1.98
114820,TIGER 국채3년,104660,104649.0,0.3393,27953,2925,1201,-0.3
491230,PLUS 국공채머니마켓액티브,52610,52602.0,0.8628,778,40,1194,0.01
469170,ACE 포스코그룹포커스,5880,5900.0,2.1368,395855,2322,1194,1.73
0184L0,PLUS 중기종합채권(A-이상)액티브,100405,100395.0,0.7256,20059,2013,1192,-0.23
251340,KODEX 코스닥150선물인버스,2390,2405.0,1.2738,35997026,85342,1183,0.21
0209D0,KODEX 전고체배터리ESS TOP2플러스,8175,8161.0,-8.1003,1187263,9682,1181,3.68
332940,HANARO MSCI Korea TR,49065,48896.0,-15.3298,137,6,1178,-2.75
399110,SOL 미국S&P500ESG,20635,20650.0,-7.8663,21300,438,1176,-0.27
0168K0,TIGER 기술이전바이오액티브,5500,5505.0,-19.7948,1118738,6215,1173,0.55
0085P0,ACE 미국10년국채액티브,9440,9459.0,-13.5368,579710,5455,1171,-1.1
0135Y0,IBK 중기종합채권(AA-이상)액티브,100035,100057.0,0.4959,23,2,1157,-0.26
182480,TIGER 미국MSCI리츠(합성 H),12960,13083.0,-2.7839,14647,190,1140,-2.11
326240,RISE IT플러스,44665,44621.0,-15.5774,3771,171,1134,-2.18
304940,KODEX 미국나스닥100선물(H),33300,33620.0,2.8945,2253,75,1132,-1.39
367770,RISE 수소경제테마,21920,21848.0,-13.4624,37393,818,1129,1.04
319640,TIGER 골드선물(H),24475,24443.0,3.7762,28027,691,1126,-3.72
0191W0,HANARO 중기종합채권(A-이상)액티브,100635,100670.0,0.6584,100,10,1119,-0.25
0036R0,RISE 미국휴머노이드로봇,19960,20224.0,-12.423,14660,293,1118,-1.26
0000J0,PLUS 한화그룹주,27895,28048.0,-9.8197,97624,2744,1116,1.42
488500,TIGER 미국S&P500동일가중,12125,12150.0,-9.2455,60783,735,1097,-0.74
476850,KoAct 배당성장액티브,22390,21923.0,-8.6747,93459,2070,1097,-0.49
266370,KODEX IT,70575,70440.0,-18.3088,24196,1733,1094,-1.94
0174B0,KoAct 글로벌AI메모리반도체액티브,14815,15061.0,-21.9481,80036,1203,1089,-2.44
309230,ACE 미국WideMoat동일가중,29375,29551.0,-3.5844,10296,302,1081,-1.31
455860,SOL 2차전지소부장Fn,4475,4480.0,-12.1976,435123,1936,1081,2.76
0221V0,IBK 초단기채권액티브,100680,100694.0,,161,16,1076,0.0
372330,KODEX 차이나항셍테크,6425,6395.0,-12.5889,93312,595,1073,-0.16
0193M0,BNK 27-12 특수채(AAA이상)액티브,50370,50365.0,0.75,90,4,1065,-0.01
496090,KIWOOM 코리아밸류업,32235,32124.0,-14.8906,74,2,1064,-1.65
0137V0,KIWOOM 미국S&P500모멘텀,11715,11655.0,-14.7724,76979,898,1060,0.43
0132K0,PLUS 테슬라위클리커버드콜채권혼합,7940,7971.0,-3.2828,89531,711,1060,-0.5
464930,TIGER 글로벌혁신블루칩TOP10,20550,20681.0,-4.515,7694,157,1058,-0.34
203780,TIGER 미국나스닥바이오,34820,35003.0,6.0123,19319,671,1045,-1.26
0138Y0,PLUS 금채권혼합,9485,9637.0,-3.2517,172424,1643,1043,-1.91
0162L0,KODEX 차이나AI반도체TOP10,12590,12569.0,-27.8261,865081,11057,1039,-7.36
464310,TIGER 글로벌AI&로보틱스 INDXX,13265,13308.0,-15.912,12328,164,1035,-0.79
0008T0,SOL 화장품TOP3플러스,17385,17433.0,32.7355,542310,9493,1026,-0.06
475050,ACE KPOP포커스,6885,6851.0,-6.5069,646477,4430,1022,0.88
0122W0,RISE 26-11 회사채(AA-이상)액티브,51092,51094.0,0.8088,79,4,1019,-0.02
465610,ACE 미국빅테크TOP7 Plus레버리지(합성),42370,43038.0,-0.0575,8199,346,1017,-2.5
0080Y0,SOL 조선TOP3플러스레버리지,7920,7932.0,-42.5693,316780,2526,1014,-0.75
168580,ACE 중국본토CSI300,31930,32253.0,-17.7477,5145,165,996,-4.44
458030,WON 국공채머니마켓액티브,55145,55151.0,0.7857,167,9,993,-0.02
394660,TIGER 글로벌자율주행&전기차SOLACTIVE,15055,15237.0,-22.8371,5586,84,988,-1.86
0177X0,ACE K휴머노이드로봇산업TOP2+,9530,9509.0,-4.4161,175095,1692,982,-2.16
114100,RISE 국고채3년,105545,105573.0,0.3812,45463,4796,976,-0.37
0142D0,TIGER 미국AI데이터센터TOP4Plus,10310,10534.0,-21.568,133070,1386,969,-5.02
473440,ACE 11월만기자동연장회사채AA-이상액티브,10865,10872.0,0.882,1657,18,945,0.0
486240,DAISHIN AI반도체&인프라액티브,30455,30319.0,-11.5303,662,20,944,-1.63
433970,KODEX TDF2030액티브 적격,13880,13901.0,-4.3293,35672,494,944,-0.61
195980,PLUS 신흥국MSCI(합성 H),15320,15326.0,1.1046,18508,284,941,-1.54
0035T0,PLUS 글로벌휴머노이드로봇액티브,19280,19264.0,-16.0688,10775,208,935,-0.1
479620,SOL 미국AI반도체칩메이커,26820,27388.0,-14.8463,15671,424,925,-2.69
298770,KODEX 한국대만IT프리미어,84065,84109.0,-13.419,14713,1241,925,-1.29
0176E0,RISE 미국AI전력인프라액티브,9720,9881.0,-29.1561,76899,748,923,0.26
308620,KODEX 미국10년국채선물,11065,11061.0,-13.6786,52698,581,918,-0.94
453080,KIWOOM 미국나스닥100(H),23490,23717.0,2.6363,58232,1375,916,-1.47
475280,ACE 8월만기자동연장회사채AA-이상액티브,10735,10745.0,0.7501,57,0,915,-0.09
325020,KODEX 배당가치,29400,29392.0,-0.2461,5204,153,911,0.0
143850,TIGER 미국S&P500선물(H),77470,77505.0,4.1983,4134,320,910,-0.91
0052T0,1Q 중단기회사채(A-이상)액티브,50745,50792.0,0.7746,1,0,908,0.02
454320,HANARO CAPEX설비투자iSelect,42050,41993.0,-5.3161,1034,43,904,-0.8
269540,PLUS 미국S&P500(H),30080,30212.0,2.8305,43099,1299,902,-0.84
475310,SOL 반도체후공정,29060,28993.0,-1.8952,341241,10054,901,-2.37
444490,WON 미국S&P500,20025,20094.0,-7.2023,18965,379,891,-0.37
261270,KODEX 미국달러선물인버스,8190,8208.0,13.6551,23484,193,889,-0.61
468380,KODEX iShares미국하이일드액티브,10590,10609.0,-11.5338,46038,485,883,-0.98
211900,KODEX 코리아배당성장,28010,28076.0,1.1721,6636,185,882,1.12
0007N0,아이엠에셋 200,110085,110017.0,-14.8379,230,25,881,-3.22
0066W0,SOL 국제금,12040,12378.0,-7.3398,65652,796,879,-3.18
453330,RISE 미국S&P500(H),18225,18298.0,5.0569,24765,451,875,-0.82
329670,KODEX TRF7030,21810,21879.0,-6.5103,13146,285,872,-0.11
469060,RISE 미국반도체NYSE,36680,37449.0,-19.5255,19446,723,862,-1.44
495040,PLUS 코리아밸류업,31875,31809.0,-14.4067,1029,32,861,-1.45
460960,ACE 글로벌인컴TOP10,10640,10653.0,-10.6852,187752,2003,841,-1.34
329660,KODEX TRF5050,17705,17759.0,-4.3578,13611,240,832,-0.06
0198A0,KIWOOM 코스닥150커버드콜액티브,8785,8729.0,,1332007,11723,826,0.51
485690,RISE 미국AI밸류체인TOP3Plus,22600,22902.0,-6.3278,7340,167,825,-2.02
359210,KODEX 코스피TR,35830,35768.0,-14.1502,2382,86,824,-2.22
461460,PLUS 국고채10년액티브,50665,50664.0,-0.543,245284,12432,822,-1.22
429760,PLUS 미국S&P500,19410,19466.0,-7.0951,517735,10016,815,-0.36
449770,KIWOOM 미국S&P500,20895,20957.0,-7.3442,7051,146,815,-0.07
0017Y0,1Q 종합채권(AA-이상)액티브,93290,93546.0,-0.1592,131,12,811,-0.84
0018C0,PLUS 고배당주위클리고정커버드콜,10550,10558.0,7.9033,98352,1034,807,1.1
337140,KODEX 코스피대형주,36555,36502.0,-15.3224,8039,296,804,-2.39
108450,ACE 삼성그룹섹터가중,39925,39930.0,-9.6026,1044,41,799,-1.37
138530,TIGER LG그룹플러스,12305,12292.0,-0.5786,166370,2046,797,2.29
0057H0,PLUS 미국S&P500미국채혼합50액티브,11525,11562.0,-8.1842,99457,1144,795,-1.07
0098N0,PLUS 자사주매입고배당주,13120,13143.0,9.1944,51391,669,787,2.06
495750,HANARO 코리아밸류업,32115,32063.0,-14.7089,89,2,787,-1.73
0225V0,KODEX 미국CPU반도체TOP10,12055,12450.0,,829172,10114,784,-4.06
0049M0,ACE 미국배당퀄리티+커버드콜액티브,11100,11171.0,-8.9799,39986,442,783,0.14
210780,TIGER 코스피고배당,23495,23573.0,6.2024,18407,430,775,1.53
365040,TIGER AI코리아그로스액티브,36485,36345.0,-12.7633,8395,306,766,-2.68
490480,SOL K방산,27795,27803.0,-14.6184,17042,475,750,0.4
0080X0,SOL 미국S&P500미국채혼합50,10700,10717.0,-10.8218,80523,859,749,-0.19
228810,TIGER 미디어컨텐츠,3050,3051.0,-8.5973,225745,689,748,0.66
272910,ACE 중장기국공채액티브,105565,105511.0,0.4977,9,0,747,-0.42
0238F0,KODEX 미국AI메모리TOP2플러스,10660,10926.0,,206746,2228,746,-3.27
364960,TIGER BBIG,6240,6237.0,-4.7806,24482,151,743,2.72
157490,TIGER 소프트웨어,7925,7938.0,-4.1464,27356,217,735,0.83
475350,RISE 버크셔포트폴리오TOP10,14375,14308.0,-5.6828,25166,358,733,0.49
0240J0,RISE 삼성SK그룹,10425,10401.0,,1120475,11724,730,-3.65
412770,TIGER 글로벌AI플랫폼액티브,12660,12753.0,-21.5156,4612,58,725,-1.82
298340,PLUS 국채선물3년,56220,56270.0,0.6147,168557,9485,724,-0.43
292190,KODEX KRX300,48145,48310.0,-14.6844,20517,995,722,-3.71
0210E0,PLUS 200커버드콜액티브,7415,7369.0,-16.0571,521088,3882,719,-2.37
0102A0,TIGER 미국AI소프트웨어TOP4Plus,8795,8834.0,12.1673,36739,322,717,-0.62
441540,HANARO Fn조선해운,26310,26291.0,-9.045,11709,307,710,0.82
0098Z0,FOCUS 200,93755,93598.0,-14.8991,447,42,703,-3.12
0022T0,SOL 국제금커버드콜액티브,12335,12689.0,-7.5702,174160,2168,703,-3.37
211560,TIGER 배당성장,34985,35171.0,0.7777,4470,155,693,0.82
0190Y0,TIGER 구글밸류체인,8550,8610.0,-17.1476,50709,434,693,-1.84
204480,TIGER 차이나CSI300레버리지(합성),21070,21256.0,-35.9345,17029,361,687,-7.85
465330,RISE 2차전지TOP10,11585,11605.0,-0.9748,119755,1382,686,3.67
228800,TIGER 여행레저,2665,2664.0,-4.0073,109390,291,686,1.14
266420,KODEX 헬스케어,15860,15839.0,-7.4778,36610,582,682,1.73
0233A0,ACE 삼성전자SK하이닉스플러스채권혼합50,10655,10639.0,,223817,2421,682,-1.75
130730,KIWOOM 단기자금,103140,103140.0,0.6832,2720,280,681,-0.01
492500,1Q 현대차그룹채권(A+이상)&국고통안,51255,51272.0,0.5877,34,1,678,-0.18
473640,HANARO 글로벌금채굴기업,32000,33010.0,7.21,34490,1117,672,-6.43
0113D0,TIME 글로벌탑픽액티브,11785,11875.0,-7.6147,44567,523,672,-0.88
433880,PLUS TDF2060액티브 적격,18360,18395.0,-8.1981,11733,215,670,-1.02
278620,PLUS 단기채권액티브,119120,119130.0,0.8293,258,30,667,-0.03
491700,HK 200,110860,110488.0,-15.2435,2,0,665,-2.84
458750,TIGER 미국배당다우존스타겟커버드콜1호,12470,12442.0,-6.0805,51247,634,648,-0.4
453950,TIGER TSMC파운드리밸류체인,33035,33354.0,-22.9926,5791,192,644,0.14
277640,TIGER 코스피대형주,37875,37735.0,-15.4552,5373,204,644,-2.36
261240,KODEX 미국달러선물,14115,14117.0,-11.1603,61900,870,635,0.46
0222D0,KoAct 고배당액티브,10405,10371.0,,167990,1737,635,1.66
0123S0,HANARO 26-12 은행채(AA+이상)액티브,10200,10208.0,0.691,1414,14,632,0.0
140700,KODEX 보험,21015,21067.0,5.4505,92175,1932,630,2.26
418670,TIGER 글로벌AI사이버보안,18400,18384.0,27.2697,133281,2456,626,-4.19
292770,KODEX 국채선물3년인버스,58025,58228.0,0.6941,0,0,623,0.0
419890,KIWOOM 단기채권ESG액티브,107435,107422.0,0.6694,3208,344,623,-0.08
306950,KODEX KRX300레버리지,77210,77213.0,-39.014,1066,83,618,-5.5
0115E0,KODEX 코리아소버린AI,14150,14142.0,-3.7037,18617,263,616,0.86
495940,RISE 미국AI테크액티브,19420,19761.0,-13.9606,4964,97,612,-2.29
455660,ACE 미국하이일드액티브(H),9245,9253.0,-0.0037,26196,242,610,-1.39
252400,RISE 200선물레버리지,101485,101290.0,-37.1519,1622,166,609,-6.41
453640,KODEX 미국S&P500헬스케어,14030,14092.0,1.9076,20660,289,603,0.21
440640,ACE 단기채권알파액티브,112870,112861.0,0.8264,1135,128,597,0.02
0181L0,SOL 미국우주항공TOP10,7190,7305.0,-17.5252,125962,913,597,-2.38
275980,TIGER 글로벌4차산업혁신기술(합성 H),23850,23849.0,-1.345,2890,68,596,0.04
0040S0,HANARO 글로벌피지컬AI액티브,23840,24029.0,-21.4781,6924,165,596,0.17
0166S0,PLUS K제조업핵심기업액티브,11290,11383.0,-14.8929,724226,8263,593,-3.63
491220,PLUS 200TR,130840,130109.0,-14.9796,12677,1657,589,-2.49
480310,TIGER 글로벌온디바이스AI,22080,22441.0,-10.9132,32491,721,585,-1.14
476750,ACE 미국30년국채엔화노출액티브(H),7090,7136.0,-14.1705,157436,1110,574,-3.27
0172V0,1Q 은액티브,7905,8267.0,-5.8301,400866,3206,573,-6.78
225040,TIGER 미국S&P500레버리지(합성 H),67905,68479.0,8.6894,4875,331,570,-1.65
442560,RISE TDF2040액티브 적격,16390,16309.0,-6.8562,16903,276,565,-0.33
304780,HANARO 200선물레버리지,123815,123405.0,-36.901,284,36,557,-6.39
0226A0,PLUS SK하이닉스샌디스크채권혼합50,11130,11267.0,,114505,1285,557,-3.64
278240,RISE 코스닥150선물레버리지,7830,7856.0,-30.4674,174797,1401,555,-0.7
385590,ACE ESG액티브,24135,24107.0,-12.8685,5964,146,555,-2.21
434960,DAISHIN K200,110880,110391.0,-14.9434,9177,1027,554,-2.78
479730,TIGER 인도빌리언컨슈머,9320,9351.0,-9.7931,12235,114,550,-2.2
0000D0,TIGER 엔비디아미국채커버드콜밸런스(합성),8755,8778.0,-10.8516,37976,331,547,-2.4
455960,RISE 미국달러SOFR금리액티브(합성),11925,12006.0,-10.6095,6830,81,546,0.38
0141S0,SOL 조선기자재,8560,8560.0,-10.0266,52623,451,544,0.94
150460,TIGER 중국소비테마,7380,7405.0,7.9025,2579,19,542,1.03
401470,KODEX 메타버스액티브,9365,9357.0,-7.4753,3015,28,538,0.21
0041D0,KODEX 미국AI소프트웨어TOP10,14145,14160.0,15.2357,50026,705,538,1.07
0046Y0,ACE 미국배당퀄리티,12350,12372.0,-7.7816,10654,131,531,-0.16
481430,RISE 국고채10년액티브,96760,96850.0,-0.6942,11711,1133,529,-1.27
0111J0,HANARO 증권고배당TOP3플러스,11995,11996.0,-13.8439,39641,475,528,-1.68
0238P0,TIGER 미국S&P500미국채혼합50,10175,10152.0,,196621,1995,527,0.25
101280,KODEX 일본TOPIX100,30320,30354.0,-5.5295,3194,97,522,-0.1
261070,TIGER 코스닥150바이오테크,11140,11100.0,-21.6764,481419,5459,519,2.77
0118Z0,ACE 미국AI테크핵심산업액티브,8680,8765.0,-11.867,5837,50,516,-2.2
275300,KODEX 우량주,30315,30203.0,-15.9281,763,23,515,-2.57
0113P0,HK 머니마켓액티브,102635,102648.0,0.85,831,85,511,0.01
287180,PLUS 미국나스닥테크,56670,57028.0,-10.8493,2391,135,510,-0.77
445150,KODEX 친환경조선해운액티브,27480,27560.0,-10.1371,3537,97,508,0.84
0194T0,ACE SK하이닉스단일종목레버리지,9155,9127.0,-63.3013,64388,602,508,-9.4
253150,PLUS 200선물레버리지,202715,202558.0,-37.689,5344,1121,507,-6.53
0220B0,DS 코스닥액티브,11495,11474.0,,182647,2113,506,-1.03
0118S0,SOL 미국넥스트테크TOP10액티브,10960,11142.0,-21.2047,33093,363,504,-2.01
440910,WON 미국우주항공방산,22300,22372.0,-21.7665,14396,319,502,-0.49
261220,KODEX WTI원유선물(H),27470,27265.0,28.737,79091,2161,501,5.27
0185L0,TIME 글로벌휴머노이드로봇산업액티브,7085,7108.0,-26.3507,49556,352,499,-1.94
0139P0,ACE 고배당주,13480,13536.0,4.3583,11154,149,499,1.54
475260,ACE 2월만기자동연장회사채AA-이상액티브,10765,10768.0,0.8903,34,0,496,0.0
360140,KODEX 200롱코스닥150숏선물,22540,22506.0,-7.355,28656,643,496,-3.01
152500,ACE 레버리지,45025,44875.0,-37.4626,19208,879,495,-6.22
218420,KODEX 미국S&P500에너지(합성),19900,19776.0,1.7174,20735,410,489,1.82
336160,RISE 금융채액티브,99800,99774.0,0.5136,14,1,488,-0.29
473490,KIWOOM 글로벌AI반도체,32470,32936.0,-11.2822,4494,146,487,0.15
292560,TIGER 일본엔선물,7975,7998.0,-8.7429,106004,845,486,-0.13
316670,KIWOOM 코스닥150,7065,7076.0,-11.2579,425839,3023,485,0.14
461340,HANARO 글로벌생성형AI액티브,44040,44564.0,-10.1729,1722,75,484,-1.43
140950,파워 코스피100,86050,86025.0,-15.8268,165,14,482,-3.21
114470,KIWOOM 국고채3년,106975,107012.0,0.3898,78,8,481,-0.36
123310,TIGER 인버스,1111,1113.0,1.7029,1999771,2198,480,3.35
0178H0,IBK 미국AI TOP10국채혼합50,10200,10258.0,2.374,13610,139,479,0.49
442260,마이티 다이나믹퀀트액티브,38485,38330.0,-15.8729,1068,41,477,-2.07
0000Z0,RISE 바이오TOP10액티브,8110,8122.0,-21.2519,67044,549,474,-0.06
447430,ACE 주주환원가치주액티브,16620,16627.0,7.0087,13674,224,474,1.78
0020H0,KoAct 글로벌양자컴퓨팅액티브,22330,22703.0,-25.1346,10923,245,469,-2.7
305050,ACE 코스피,71860,71599.0,-13.6944,1874,135,467,-2.63
0086B0,TIGER 리츠부동산인프라TOP10액티브,9525,9559.0,2.1232,13265,126,467,-0.05
453650,KODEX 미국S&P500금융,18270,18346.0,-7.8535,21246,387,457,0.05
442090,에셋플러스 코리아대장장이액티브,30425,30619.0,-8.6963,276,8,456,-1.6
196030,ACE 일본TOPIX레버리지(H),90625,90740.0,5.6435,131,12,453,-0.79
200030,KODEX 미국S&P500산업재(합성),39995,40120.0,-16.2716,2724,108,451,0.23
473590,ACE 미국주식베스트셀러,19580,19863.0,-12.298,77953,1533,450,-2.47
375770,KODEX 탄소효율그린뉴딜,24910,24824.0,-13.0841,97,2,448,-1.97
371470,TIGER 차이나바이오테크SOLACTIVE,8470,8545.0,16.6002,44337,376,447,-3.53
276990,KODEX 글로벌로봇(합성),25155,25281.0,-16.4418,3024,76,445,0.3
0141T0,SOL 중기종합채권(AA-이상)액티브,50165,50155.0,0.5902,2,0,437,-0.21
440650,ACE 미국달러단기채권액티브,11455,11456.0,-11.1717,48392,552,435,0.39
476260,HANARO 반도체핵심공정주도주,14025,13996.0,-7.2075,240754,3399,435,-2.3
238720,ACE 일본Nikkei225(H),47980,47910.0,-6.4925,3709,178,432,0.8
0186S0,1Q 코스닥150채권혼합50액티브,8460,8434.0,-6.5465,328336,2786,431,1.14
487130,KoAct AI인프라액티브,29740,29825.0,-12.4294,12545,378,431,-1.6
0089C0,KODEX 미국S&P500변동성확대시커버드콜,11315,11381.0,-7.3526,496,5,430,-0.09
256750,KODEX 차이나심천ChiNext(합성),13995,13963.0,-28.3051,7101,99,428,-6.67
491830,TIGER 미국AI반도체팹리스,23025,23501.0,-12.3322,75553,1757,426,-3.17
0132H0,KODEX 미국원자력SMR,7115,7130.0,-27.9335,164329,1170,423,-6.2
0207G0,SOL 우주항공밸류체인,7295,7273.0,-0.2007,342406,2548,423,-2.21
0191M0,마이티 5월만기자동연장특수채(AAA)액티브,100835,100830.0,0.6589,7,0,417,0.01
472830,RISE 미국30년국채커버드콜(합성),7505,7523.0,-16.0361,38609,288,417,-2.97
0194M0,ACE 삼성전자단일종목레버리지,11495,11454.0,-33.9433,91020,1091,414,-10.3
401170,RISE 메타버스,10585,10584.0,-15.8364,30791,326,413,1.88
0112X0,마이티 200TR,41265,41159.0,-15.0668,9455,393,413,-3.24
100910,KIWOOM KRX100,17185,17178.0,-16.9328,2206,38,412,-2.22
472840,IBK 200,109005,108978.0,-14.86,827,91,409,-3.11
448570,FOCUS AI코리아액티브,30185,30048.0,-7.6084,70,2,407,-0.97
183700,RISE 200채권혼합50,96880,96271.0,-7.1795,2399,233,407,-0.88
322410,HANARO K고배당,23000,23062.0,4.6621,2654,60,403,1.59
0197W0,SOL SK하이닉스단일종목레버리지,8965,8936.0,-63.9775,121912,1115,401,-9.35
494840,TIGER 미국방산TOP10,11740,11737.0,-10.8544,18897,220,393,-0.55
0189B0,TIGER 은액티브,7635,7585.0,-5.7359,117089,901,393,-6.15
139280,TIGER 경기방어,12210,12240.0,4.5683,10991,134,391,0.7
139320,TIGER 금은선물(H),17320,17836.0,3.9435,13885,242,390,-4.07
275280,KODEX 모멘텀주,43255,43165.0,-16.9644,1419,61,389,-2.79
469050,RISE 미국반도체NYSE(H),33685,34414.0,-8.9666,16364,559,387,-1.78
428510,KODEX 차이나AI테크액티브,22650,22639.0,-28.8803,8218,187,385,-4.93
0007G0,PLUS 글로벌원자력밸류체인,12275,12335.0,-19.7837,6671,82,374,-5.39
352540,KODEX 일본부동산리츠(H),10940,10941.0,-0.4393,5497,60,372,-0.23
195930,TIGER 유로스탁스50(합성 H),22960,23193.0,0.2604,18684,432,367,-0.58
0192L0,RISE SK하이닉스단일종목레버리지,9295,9272.0,-62.8257,26412,248,367,-9.54
147970,TIGER 모멘텀,79805,79941.0,-15.904,1451,116,367,0.18
449690,TIGER 한중반도체(합성),48707,48365.0,-20.4922,28,1,365,-4.28
365000,TIGER 인터넷TOP10,3595,3595.0,-12.782,139700,507,363,3.3
0234N0,KIWOOM 삼성SK그룹TOP4+,10355,10349.0,,210012,2187,362,-4.08
450910,SOL 코스닥150,13830,13883.0,-11.5336,11448,159,362,-0.11
276650,RISE 글로벌테크놀로지(합성 H),48195,48190.0,3.3674,901,43,361,-0.63
475270,ACE 5월만기자동연장회사채AA-이상액티브,10735,10740.0,0.7035,1016,10,361,0.0
494410,PLUS 미국S&P500성장주,14355,14440.0,-4.8564,94941,1352,359,-1.48
400970,TIGER Fn메타버스,7165,7172.0,-15.1808,12643,90,358,1.78
104530,KIWOOM 코리아고배당,17385,17364.0,1.4658,13753,238,356,2.02
0023B0,PLUS 미국양자컴퓨팅TOP10,16425,16695.0,-18.8924,25897,427,353,-2.9
0100K0,KODEX 방산TOP10레버리지,5855,5821.0,-35.6271,514264,3023,351,0.95
407830,에셋플러스 글로벌플랫폼액티브,14625,14804.0,-10.4582,841,12,351,-1.55
0085N0,ACE 미국10년국채액티브(H),9480,9501.0,-2.031,55934,530,351,-1.66
276970,KODEX 미국S&P500배당귀족커버드콜(합성 H),7425,7480.0,4.2836,35585,264,349,-1.66
241390,RISE V&S셀렉트밸류채권혼합,15855,15725.0,-1.7311,5381,85,349,-0.25
464470,PLUS 미국채30년액티브,45475,45498.0,-15.5194,14341,649,347,-3.02
266360,KODEX K콘텐츠,9380,9368.0,-7.4205,7984,74,347,2.29
0184E0,1Q 200채권혼합50액티브,11090,11104.0,-6.5771,106009,1182,344,-1.6
385520,KODEX 자율주행액티브,15860,15960.0,-12.4723,8128,129,341,0.67
117460,KODEX 에너지화학,14325,14310.0,3.816,81075,1156,341,4.14
261250,KODEX 미국달러선물레버리지,15540,15554.0,-21.7965,74410,1149,340,0.84
0154F0,WON 초대형IB&금융지주,12370,12404.0,2.6503,8519,105,340,1.39
474800,KIWOOM 미국원유에너지기업,15460,15390.0,0.2315,51561,792,340,2.18
491090,KODEX 미국테크TOP3플러스,18350,18448.0,-0.8278,13033,238,339,-0.7
0083S0,1Q 미국메디컬AI,12100,12213.0,18.2192,56910,689,339,1.0
380340,ACE 코리아AI테크핵심산업,28195,28098.0,-17.7061,6787,193,338,1.02
452250,ACE 미국30년국채선물레버리지(합성 H),4345,4356.0,-9.4084,100157,433,337,-6.96
449780,KIWOOM 미국S&P500(H),18695,18774.0,4.2596,10017,187,337,-0.8
0204S0,TIGER 코스닥액티브,7595,7590.0,-8.4736,146898,1122,336,-0.26
498860,RISE 코리아금융고배당,16645,16622.0,-2.604,11508,190,333,0.79
138910,KODEX 구리선물(H),10050,10054.0,6.6008,13435,135,332,-2.0
459560,KODEX 테슬라밸류체인FactSet,22110,22308.0,-18.8062,2619,58,332,0.02
099140,KODEX 차이나H,20610,20558.0,-4.5808,94676,1934,330,0.15
105780,RISE 5대그룹주,16410,16514.0,-19.4965,2214,36,328,-2.23
0138T0,RISE 미국S&P500데일리고정커버드콜,9330,9386.0,-7.5464,17159,159,327,-0.21
475070,KoAct 글로벌친환경전력인프라액티브,29660,29951.0,-24.941,4115,122,326,-1.69
0089B0,PLUS 미국나스닥100미국채혼합50,11235,11286.0,-9.7992,12634,141,326,-0.18
122260,KIWOOM 통안채1년,104200,104188.0,0.5886,8569,893,323,-0.04
322400,HANARO e커머스,9685,9648.0,-9.0172,1082,10,320,1.57
261140,TIGER 우선주,24810,24833.0,-6.8662,15647,388,318,-0.64
465350,RISE 2차전지TOP10인버스(합성),15830,15897.0,-10.2176,43112,684,317,-2.88
139270,TIGER 200 금융,17190,17222.0,2.9938,10986,188,316,1.24
217770,TIGER 원유선물인버스(H),1082,1084.0,-27.5752,845946,917,315,-4.42
156080,KODEX MSCI Korea,52490,52302.0,-14.69,1332,70,315,-3.33
275290,KODEX 가치주,34980,34951.0,-12.5301,8395,297,315,-2.37
446690,KODEX 아시아AI반도체exChina액티브,62420,62386.0,-23.4999,4457,278,312,0.43
252710,TIGER 200선물인버스2X,79,79.0,-5.1283,125879401,9684,312,6.76
494340,ACE 글로벌AI맞춤형반도체,20735,21287.0,-22.4748,13214,278,311,-3.51
395290,HANARO Fn K-POP&미디어,4895,4899.0,-8.144,38761,190,311,0.93
0218J0,RISE 미국우주&로봇TOP2미국채혼합50,9125,9102.0,,72944,665,310,-0.65
0150K0,KoAct 수소전력ESS인프라액티브,11060,11056.0,3.203,22111,247,310,0.96
395170,KODEX Top10동일가중,15460,15406.0,-23.4687,1648,25,309,-1.28
459750,RISE 글로벌주식분산액티브,17665,17675.0,-9.646,15380,270,309,-0.11
352560,KODEX 미국부동산리츠(H),11600,11623.0,-1.7242,6190,71,307,-2.44
465660,TIGER 일본반도체FACTSET,24425,24530.0,-25.2489,21405,526,305,1.14
426150,WON 대한민국국고채액티브,50700,50828.0,-1.2088,51,2,305,-0.74
153270,KIWOOM 코스피100,84405,84280.0,-16.4566,1034,87,304,-2.77
227540,TIGER 200 헬스케어,18275,18272.0,7.9289,14547,265,303,0.19
469790,KIWOOM 코리아테크TOP10,43315,43587.0,-16.0167,587,25,303,-3.27
174360,RISE 중국본토대형주CSI100,21595,21672.0,-18.4493,3189,69,302,-3.83
476690,TIGER 글로벌비만치료제TOP2Plus,10075,10123.0,-9.5832,2880,28,302,0.2
248270,TIGER S&P글로벌헬스케어(합성),26020,26116.0,-2.4694,3575,92,302,0.58
387270,TIGER 글로벌이노베이션액티브,26010,26269.0,-14.6743,1636,42,302,-0.71
0166N0,PLUS 코스닥150액티브,8570,8576.0,-4.7086,59655,514,300,0.82
0192T0,SOL 코스닥TOP10,6975,6961.0,-17.011,737812,5180,300,2.12
459790,KIWOOM 미국성장기업30액티브,20670,20846.0,-14.5728,71,1,300,-1.78
117680,KODEX 철강,12220,12249.0,7.0522,22643,277,299,-0.29
245350,TIGER 유로스탁스배당30,18620,18696.0,-4.6583,3881,72,298,-1.4
261060,TIGER 코스닥150IT,26125,26090.0,-2.6692,15601,413,298,-1.86
0155N0,HANARO K휴머노이드테마TOP10,7595,7582.0,-6.8841,12234,93,296,-1.49
192720,파워 고배당저변동성,58055,58211.0,4.2129,2404,139,296,2.13
145850,TREX 펀더멘탈 200,117995,117788.0,-6.3302,1,0,295,-0.8
464920,PLUS 일본반도체소부장,24480,23584.0,-22.3609,14008,337,294,3.53
468630,KODEX iShares미국투자등급회사채액티브,10400,10451.0,-13.8792,37330,387,292,-1.79
450190,KODEX 한중반도체(합성),48690,48765.0,-20.6707,23,1,292,-4.93
256440,ACE MSCI인도네시아(합성),4780,4812.0,-12.1538,64353,309,292,-2.75
253250,KIWOOM 200선물레버리지,100005,99702.0,-36.9615,3178,320,290,-6.31
415920,PLUS 글로벌희토류&전략자원생산기업,6165,6071.0,-30.641,106123,654,290,-7.36
0192M0,RISE 삼성전자단일종목레버리지,11645,11540.0,-33.691,33941,405,288,-10.29
496770,PLUS 글로벌방산,15975,16033.0,-9.3706,13521,215,288,-0.5
489290,WON 미국빌리어네어,14825,14937.0,-3.8807,2005,29,282,-1.07
0223R0,TIGER 미국테크NYSE100액티브,9645,9833.0,,40004,388,281,-1.83
0155M0,ACE 미국SMR원자력TOP10,6205,6246.0,-23.5778,44139,274,279,-4.76
223190,KODEX 200가치저변동,27890,27845.0,-5.3484,2084,58,279,0.05
476070,KODEX 글로벌비만치료제TOP2 Plus,10500,10521.0,-4.8733,27887,293,278,-1.45
0013R0,RISE 테슬라미국채타겟커버드콜혼합(합성),7695,7636.0,-14.8956,19020,145,277,-1.79
289480,TIGER 200커버드콜,13190,13183.0,13.4485,22163,293,277,-1.2
0107F0,KIWOOM 미국고배당&AI테크,10990,11080.0,-8.6705,6069,66,275,-0.9
271060,KODEX 3대농산물선물(H),8885,8909.0,16.8619,43647,388,275,-1.0
415340,KODEX 차이나과창판STAR50(합성),13260,13283.0,-21.5534,42232,572,274,-6.22
0224X0,1Q 엔비디아알파벳미국채혼합50,9660,9691.0,,60902,587,270,-1.23
0049K0,ACE 미국배당퀄리티채권혼합50,10995,11015.0,-4.4585,6302,69,269,-0.14
0137W0,KIWOOM 미국S&P500&GOLD,10225,10326.0,-7.4306,8432,86,266,-0.44
437350,RISE 미국단기투자등급회사채액티브,11900,11896.0,-12.2788,7053,83,262,0.04
277540,ACE 아시아TOP50,32655,32513.0,-12.8267,6752,218,261,-0.11
0203S0,WON 삼성전자현대차채권혼합50,8545,8531.0,-8.2891,19034,163,261,-0.98
167860,KIWOOM 국고채10년레버리지,89525,89509.0,-0.9725,15,1,260,-2.31
440340,TIGER 글로벌멀티에셋TIF액티브,11520,11616.0,-11.5973,11495,132,259,-0.82
139250,TIGER 200 에너지화학,18245,18224.0,2.0231,57693,1055,259,1.96
475380,RISE 글로벌리얼티인컴,9750,9754.0,-12.9621,11585,112,258,-1.96
0047R0,RISE 팔란티어고정테크100,15595,15720.0,5.2479,5122,79,257,0.29
493420,SOL 미국배당다우존스2호,12225,12185.0,-5.8482,6925,84,257,-0.37
483570,KCGI 미국S&P500 TOP10,15960,16089.0,-2.0745,1542,24,255,-0.56
481340,RISE 미국30년국채액티브,8080,8098.0,-15.8839,160422,1292,255,-3.92
0152E0,SOL 배당성향탑픽액티브,10765,10818.0,-1.9858,9577,103,253,0.94
0115C0,RISE 미국고배당다우존스TOP10,10670,10672.0,-7.5432,6365,67,251,-0.19
496120,ACE 코리아밸류업,33420,33366.0,-13.324,210,7,251,-1.63
245360,TIGER 차이나HSCEI,11930,11874.0,-4.3234,17637,208,251,0.08
0209Z0,ACE 코리아AI전력TOP10,7130,7117.0,-16.5896,79876,574,250,-1.18
292500,SOL KRX300,49635,49431.0,-15.1164,12,0,248,-2.16
0164G0,RISE 차이나AI반도체TOP4Plus,11745,11677.0,-28.425,12720,149,247,-6.53
0097L0,KIWOOM 한국고배당&미국AI테크,12575,12667.0,-1.9985,6752,84,245,0.88
295020,RISE 국채선물10년인버스,61615,61575.0,1.6633,26,1,244,1.32
368190,HANARO Fn K-뉴딜디지털플러스,7620,7614.0,-0.4642,1635,12,244,1.53
159800,마이티 코스피100,86850,86807.0,-15.8162,138,12,243,-3.22
292160,TIGER KRX300,48610,48516.0,-15.1799,3894,190,243,-2.48
0238C0,IBK 한미대표기업TOP2+채권혼합50액티브,10105,10104.0,,1393,14,243,-1.22
414270,ACE 글로벌자율주행액티브,11500,11485.0,-17.0593,2869,32,242,-1.03
367740,HANARO Fn5G산업,43750,43575.0,-8.7246,755,33,241,-0.43
479850,HANARO K-뷰티,17750,17724.0,23.8648,21274,377,240,0.88
0093D0,KoAct 팔란티어밸류체인액티브,18405,18599.0,-14.9054,4843,89,239,-0.19
185680,KODEX 미국S&P바이오(합성),44535,45054.0,0.0,15015,668,237,-4.4
364690,KODEX 혁신기술테마액티브,39305,39209.0,-17.4639,191,7,236,-1.65
195970,PLUS 선진국MSCI(합성 H),16115,16131.0,2.1752,10393,168,235,-0.56
442550,RISE TDF2030액티브 적격,14675,14615.0,-5.4492,8723,127,235,-0.71
0198D0,1Q SK하이닉스선물단일종목레버리지,9505,9457.0,-63.8071,55183,540,235,-9.52
0177A0,WON 두산그룹포커스,9335,9358.0,-8.0345,59683,568,233,-2.91
0103T0,1Q K소버린AI,8185,8218.0,-0.5482,30015,247,233,0.24
138230,KIWOOM 미국달러선물,15985,16003.0,-11.2043,3619,57,232,0.6
388280,RISE K엔터&여행레저,7060,7035.0,-13.125,1926,13,230,1.58
0206G0,1Q 현대차기아채권혼합50,7795,7813.0,-11.6306,243826,1905,230,0.58
0047P0,RISE 테슬라고정테크100,14665,14808.0,-7.4717,4737,69,227,-0.88
300950,KODEX 게임산업,5370,5367.0,-6.0499,21126,112,226,1.7
0239Z0,PLUS AI반도체소부장액티브,11195,11229.0,,235280,2665,224,-2.14
280930,KODEX 미국러셀2000(H),15930,16027.0,-2.8878,5679,90,223,-2.33
0127R0,RISE 미국AI클라우드인프라,16465,16839.0,-19.657,7918,131,222,-3.8
419430,KODEX 차이나2차전지MSCI(합성),7935,7917.0,-29.2445,4333,34,222,-4.8
376410,TIGER 탄소효율그린뉴딜,24590,24573.0,-13.3684,273,6,221,-2.09
375760,HANARO 탄소효율그린뉴딜,24580,24483.0,-14.281,226,5,221,-1.25
225130,ACE 골드선물 레버리지(합성 H),44035,43468.0,6.1793,5502,245,220,-6.3
239660,PLUS 우량회사채50,121690,121682.0,0.6693,1249,152,219,-0.1
411540,SOL 200 Top10,16800,16743.0,-16.461,26698,448,218,-0.06
108590,TREX 200,109170,109108.0,-14.8416,28,3,218,-3.18
0186L0,KoAct 미국로봇피지컬AI액티브,9485,9599.0,-22.0541,10757,102,218,-0.42
261120,TIGER 미국달러선물인버스2X,5435,5436.0,27.6223,608,3,217,-0.73
461450,KODEX 코스닥글로벌,15390,15333.0,-9.1958,5760,89,215,0.23
447660,PLUS 애플채권혼합,13890,13920.0,1.0145,16341,226,215,0.18
0026E0,KODEX 미국S&P500버퍼3월액티브,11625,11696.0,-7.597,153,1,215,0.61
433220,에셋플러스 글로벌대장장이액티브,28920,29152.0,-19.0208,716,20,214,-1.77
269420,KODEX S&P글로벌인프라(합성),20725,20839.0,-15.2594,5161,106,214,-1.66
461600,SOL 미국30년국채액티브(H),8015,8007.0,-4.037,18813,150,212,-3.67
464600,SOL 자동차소부장Fn,23295,23219.0,-17.1901,7066,165,210,2.13
300640,RISE 게임테마,6445,6418.0,-0.4744,4645,29,209,2.38
337120,KODEX 멀티팩터,34880,34678.0,-14.7895,14,0,209,-2.01
204450,KODEX 차이나H레버리지(H),2175,2192.0,11.8122,43188,93,209,-1.81
0192S0,SOL 코스피200채권혼합50,9485,9482.0,-8.003,144601,1384,209,-1.4
469160,ACE 일본반도체,24410,24523.0,-27.2482,50590,1238,207,0.91
226980,KODEX 200 중소형,23050,23052.0,-1.261,1762,40,207,0.57
371450,TIGER 글로벌클라우드컴퓨팅INDXX,13600,13678.0,19.6129,15454,210,207,-2.19
471460,KIWOOM 국고채30년액티브,44920,44879.0,-3.2553,837,37,207,-1.44
0231Z0,KODEX 코리아TDF2065액티브 적격,10320,10315.0,,207619,2142,206,-1.76
253290,RISE 헬스케어채권혼합,11455,11466.0,-1.9777,6418,73,206,0.48
0190M0,KIWOOM 미국AI테크하이베타,8580,8821.0,-26.6033,10694,93,206,-3.27
0239Y0,PLUS 코리아HBM반도체,10255,10243.0,,264608,2760,205,-3.71
477730,KODEX 인도타타그룹,6945,6951.0,-14.0373,4217,29,205,-1.63
364990,TIGER 게임TOP10,4500,4520.0,-7.8839,33984,152,205,1.35
091220,TIGER 은행,17340,17452.0,13.4752,23148,401,205,1.46
289040,KODEX MSCI KOREA ESG유니버설,33930,33918.0,-12.7612,31,1,204,-1.81
152380,KODEX 국채선물10년,64015,64051.0,-0.6061,858,54,204,-1.19
417630,TIGER KEDI혁신기업ESG30,19290,19268.0,-5.7989,378,7,203,0.21
289250,TIGER MSCI KOREA ESG유니버설,35455,35281.0,-13.1994,16,0,202,-1.81
489000,PLUS 일본엔화초단기국채(합성),9165,9160.0,-9.4837,216191,1971,202,0.55
0241R0,TIGER 현대차LG전자고정피지컬AI밸류체인,10040,10055.0,,462083,4656,201,1.83
304770,HANARO 코스닥150,14115,14188.0,-11.4796,9349,133,200,-0.25
404120,TIME K신재생에너지액티브,25050,24996.0,-12.1904,614,15,200,1.68
463300,RISE 중국본토CSI300,12415,12442.0,-16.0875,1262,15,199,-3.31
437070,KODEX 아시아달러채권ESG플러스액티브,57245,57265.0,-13.036,713,40,198,-0.53
0153X0,PLUS 미국고배당주액티브,10695,10683.0,-3.6832,20241,215,198,-1.02
284980,RISE 200금융,22985,22905.0,3.1921,2017,45,198,2.18
465670,TIGER 미국캐시카우100,15800,15846.0,-3.0273,76420,1194,198,-0.47
0067V0,TIGER 차이나글로벌리더스TOP3+,8960,9046.0,-15.5505,7625,68,197,-2.66
456680,TIGER 차이나전기차레버리지(합성),4825,4836.0,-47.8084,30762,148,197,-5.76
379790,RISE 유로스탁스50(H),17055,17118.0,0.5807,11934,203,196,-0.2
438320,TIGER 차이나항셍테크레버리지(합성 H),4525,4555.0,-0.6205,58857,268,195,-5.83
169950,KODEX 차이나A50,24020,24151.0,-15.5976,668,16,192,-3.92
404260,KODEX 기후변화솔루션,23995,24136.0,-10.446,464,11,192,0.93
304760,HANARO KRX300,47805,47577.0,-15.3547,70,3,191,-2.08
461910,PLUS 미국테크TOP10레버리지(합성),38170,38732.0,-4.8781,774,29,191,-1.14
416090,ACE 중국과창판STAR50,11910,11977.0,-21.6616,12553,152,191,-6.44
487950,KODEX 대만테크고배당다우존스,13090,13068.0,-9.6051,4268,55,190,-0.23
228820,TIGER KTOP30,18930,18853.0,-11.5788,1935,36,189,-1.35
497780,KoAct 미국천연가스인프라액티브,9935,9906.0,-13.9566,49239,486,189,-0.5
0104P0,TIGER 코리아배당다우존스위클리커버드콜,11035,11069.0,4.2442,11880,130,188,1.47
183710,RISE 주식혼합,93705,93593.0,-10.7556,428,40,187,-1.88
229720,KODEX KTOP30,37480,37359.0,-12.0268,1551,58,187,-1.42
445910,TIGER MKF배당귀족,20655,20710.0,1.8014,8564,176,186,1.25
381560,HANARO Fn전기&수소차,17575,17516.0,-11.8404,1575,27,185,3.08
0144M0,KODEX 미국드론UAM TOP10,6690,6757.0,-22.4079,13697,91,184,-0.67
461900,PLUS 미국테크TOP10,22955,23112.0,0.371,1259,28,184,-0.15
213630,PLUS 미국다우존스고배당주(합성 H),19940,20092.0,6.6369,13463,269,183,-1.89
276000,TIGER 글로벌자원생산기업(합성 H),20375,20478.0,9.2524,10922,222,183,-2.51
445690,BNK 주주가치액티브,30535,30433.0,-6.7981,153,4,183,-1.45
0223A0,RISE 코스닥커버드콜액티브,11415,11300.0,,270121,3080,183,-0.57
0018Z0,RISE 미국양자컴퓨팅,18140,18354.0,-16.0002,4998,90,181,-1.49
407310,HANARO 200 TOP10,16450,16392.0,-16.3423,3827,63,181,-0.12
227830,PLUS 코스피,71675,71314.0,-14.6504,60,4,179,-1.33
449580,RISE 테슬라애플아마존채권혼합,16170,16196.0,-0.7107,2686,43,178,-0.71
195920,TIGER 일본TOPIX(합성 H),35425,35438.0,2.019,3239,114,177,0.16
385600,ACE 2차전지&친환경차액티브,11745,11773.0,-10.3113,2842,33,176,1.91
225060,TIGER 이머징마켓MSCI레버리지(합성 H),16525,16531.0,-1.6408,194,3,175,-3.28
0065G0,KODEX 차이나테크TOP10,8140,8194.0,-10.2438,4088,33,175,-1.99
292050,RISE KRX300,49920,49703.0,-14.5689,62,3,175,-2.26
289260,TIGER MSCI KOREA ESG리더스,29105,29090.0,-15.6661,308,8,175,-1.34
391670,HK 베스트일레븐액티브,29065,29017.0,-19.9574,77,2,174,-3.12
0086C0,TIGER 리츠부동산인프라10채권혼합액티브,9825,9848.0,0.765,6247,61,172,-0.3
0105D0,SOL 한국AI소프트웨어,9035,9075.0,-4.7165,41196,374,172,0.5
0203R0,WON 중단기종합채권(A-이상)액티브,50400,50414.0,0.5887,0,0,171,0.0
468370,KODEX iShares미국인플레이션국채액티브,10235,10271.0,-13.1675,13133,133,171,-0.92
0198B0,1Q 삼성전자선물단일종목레버리지,11865,11787.0,-34.8094,130101,1591,170,-10.45
460660,RISE 미국S&P배당킹,11230,11277.0,-7.8154,8645,96,168,-1.01
130680,TIGER 원유선물Enhanced(H),8020,7978.0,27.731,43799,348,168,5.53
457690,KODEX 33-06 국고채액티브,10390,10379.0,0.0955,3111,32,168,-0.86
483330,ACE 마이크로소프트밸류체인액티브,15300,15362.0,4.5346,10424,159,168,-0.2
415760,SOL 차이나육성산업액티브(합성),12305,12382.0,-22.3689,35668,446,167,-4.94
477490,에셋플러스 글로벌일등기업포커스10액티브,18515,18654.0,-14.2596,149,2,167,-0.99
494420,PLUS 미국배당증가성장주데일리커버드콜,8680,8683.0,-12.231,8978,77,165,0.35
250730,RISE 차이나HSCEI(H),9640,9772.0,5.8662,3203,30,164,-0.16
474920,에셋플러스 차이나일등기업포커스10액티브,17400,17520.0,-14.2105,242,4,164,-2.79
0233N0,RISE 글로벌AI낸드메모리반도체,10875,11068.0,,43008,472,163,-3.8
451600,PLUS 국고채30년액티브,83340,83343.0,-2.6552,571,47,162,-1.59
419650,PLUS 글로벌수소&차세대연료전지,4895,4797.0,-18.3509,14277,70,162,-3.07
131890,ACE 삼성그룹동일가중,39820,39838.0,-5.1942,141,5,159,0.08
0193L0,PLUS 삼성전자선물단일종목인버스2X,8270,8315.0,-48.459,2477189,19662,159,9.9
219390,RISE 미국S&P원유생산기업(합성 H),7910,8003.0,16.5925,29077,229,158,0.51
265690,ACE 러시아MSCI(합성),8535,48.0,0.0,0,0,158,0.0
332620,PLUS 미국장기우량회사채,84310,85421.0,-14.9019,3506,294,158,-2.83
432840,HANARO 미국S&P500,19590,19659.0,-7.3693,6212,121,157,0.31
484890,SOL 머니마켓액티브,52650,52645.0,0.7463,4551,239,155,0.01
0207Z0,KIWOOM 미국우주데이터센터인프라,7120,7209.0,-17.4183,8518,60,153,-2.8
491510,파워 K-주주가치액티브,17950,18070.0,4.369,54,0,153,1.18
413930,WON AI ESG액티브,27665,27817.0,-17.4735,112,3,152,-2.54
488290,MIDAS 일본테크액티브,43165,43819.0,-28.721,37382,1649,151,1.45
337150,KODEX 200exTOP,25115,25104.0,-10.5674,196,4,151,0.48
0222F0,마이티 AI데이터센터밸류체인,13010,12958.0,,658,8,150,-0.72
114460,ACE 국고채3년,99710,99735.0,0.3335,468,46,150,-0.32
453010,PLUS KOFR금리,110085,110095.0,0.6953,10493,1155,148,0.02
387280,TIGER 퓨처모빌리티액티브,11595,11646.0,-11.8051,2831,33,147,0.13
104520,KIWOOM 블루칩,14705,14681.0,-3.369,638,9,147,2.01
0051A0,KoAct 브로드컴밸류체인액티브,24320,24725.0,-15.7572,22212,541,146,-1.54
244620,KODEX 모멘텀Plus,20835,20810.0,-12.3116,986,20,146,-0.5
0193K0,PLUS 삼성전자단일종목레버리지,12665,12601.0,-34.179,12966,172,146,-9.6
236350,TIGER 인도니프티50레버리지(합성),23450,23569.0,-29.7286,1743,41,145,-4.66
0084E0,KIWOOM 미국대형주500월간목표헤지액티브,10010,10070.0,-11.1295,510,5,145,-0.3
404650,SOL KRX기후변화솔루션,24000,23930.0,-11.2496,288,6,144,1.87
234310,RISE V&S셀렉트밸류,28475,28391.0,-3.705,8,0,142,-0.85
438900,HANARO Fn K-푸드,10890,10935.0,6.7512,19811,215,142,1.4
453630,KODEX 미국S&P500필수소비재,11790,11891.0,-9.5629,3886,45,141,-1.05
496130,TRUSTON 코리아밸류업액티브,25720,25389.0,-13.9056,3,0,139,-0.62
0090B0,PLUS K방산소부장,7100,7097.0,-15.3137,49546,349,138,3.12
0088N0,WON K-글로벌수급상위,11075,11055.0,-7.0411,1839,20,138,-0.14
485810,TIME 글로벌바이오액티브,11980,12024.0,8.8495,34819,415,138,2.52
0153P0,ACE 리츠부동산인프라액티브,9495,9534.0,4.5721,9710,92,138,-0.37
373490,KODEX 코리아혁신성장액티브,24970,25006.0,-16.4849,3253,81,137,0.38
487750,BNK 온디바이스AI,33800,33533.0,-12.33,516,17,135,-1.99
0127V0,KIWOOM 미국S&P500 TOP10&배당다우비중전환,10735,10779.0,-2.344,3097,33,134,-0.51
472720,TRUSTON 주주가치액티브,25700,25609.0,-10.0502,812,20,134,-1.15
417450,RISE 글로벌수소경제,15710,15767.0,-21.6013,821,12,134,-0.73
137610,TIGER 농산물선물Enhanced(H),5805,5794.0,17.2139,9114,52,134,-1.44
102960,KODEX 기계장비,13340,13342.0,-15.2299,11511,153,133,0.49
0013P0,RISE 미국은행TOP10,11950,11938.0,-13.7025,12463,147,131,-0.29
0127T0,KIWOOM 미국S&P500&배당다우존스비중전환,10875,10915.0,-7.3953,3652,39,131,0.0
453820,KODEX 인도Nifty50레버리지(합성),9990,9980.0,-26.3455,4626,46,130,-4.58
0004G0,1Q 미국배당TOP30,8640,8590.0,-7.4256,12414,106,130,-0.46
0028X0,KODEX 미국금융테크액티브,11150,11200.0,-1.3741,2131,23,128,-0.58
300610,TIGER K게임,5450,5454.0,-0.4643,8467,46,128,1.68
279540,KODEX 최소변동성,21335,21473.0,-7.7812,1479,31,128,-0.14
363510,SOL KIS단기통안채,112290,112295.0,0.5687,121,13,128,0.0
409810,KODEX 미국나스닥100선물인버스(H),5395,5340.0,-3.4515,96240,516,127,1.51
140710,KODEX 운송,6670,6682.0,12.8112,6996,46,127,1.14
290080,RISE 200고배당커버드콜ATM,7445,7459.0,31.8535,8815,65,127,1.78
360150,KODEX 코스닥150롱코스피200숏선물,3085,3086.0,-1.4852,47843,146,126,3.35
0208N0,IBK 코스피액티브,7640,7627.0,-17.6533,13803,105,126,-2.8
410870,TIME K컬처액티브,8955,9014.0,-11.7909,4932,44,125,0.17
0015F0,KIWOOM 팔란티어미국30년국채혼합액티브(H),10445,10467.0,8.0574,4415,46,125,-1.23
489860,KIWOOM 글로벌전력GRID인프라,14715,14761.0,-18.3962,2771,40,125,-1.24
166400,TIGER 200커버드콜OTM,24860,24774.0,9.8988,711,17,124,-1.74
0220A0,KIWOOM 현대차그룹TOP3채권혼합50,8820,8823.0,,20156,177,123,0.68
0104G0,PLUS K방산레버리지,5345,5374.0,-42.6186,58138,309,123,0.38
453060,HANARO KOFR금리액티브(합성),111665,111663.0,0.7443,1,0,123,0.01
435550,KIWOOM TDF2050액티브 적격,17465,17528.0,-9.8036,5304,92,122,-0.68
251590,PLUS 고배당저변동50,17350,17410.0,6.1176,1962,33,121,1.11
0194R0,KIWOOM SK하이닉스선물단일종목레버리지,8915,8872.0,-63.2592,47984,429,120,-9.22
140580,RISE 우량업종대표주,24045,24213.0,-9.8775,84,2,120,0.59
404540,TIGER KRX기후변화솔루션,23990,24136.0,-11.2766,15394,369,120,1.1
457700,KODEX 53-09 국고채액티브,9060,9063.0,-3.064,746,6,120,-1.25
396510,TIGER 차이나클린에너지SOLACTIVE,6640,6662.0,-24.9863,3737,24,120,-2.35
400570,KODEX 유럽탄소배출권선물ICE(H),11800,11898.0,5.3982,4200,49,119,-0.92
332610,PLUS 미국단기회사채(AAA~A),123460,123726.0,-11.4861,308,37,119,0.17
395760,PLUS ESG성장주액티브,21535,21479.0,-12.2372,22,0,118,-1.71
282000,RISE 국고채3년선물인버스,115720,115670.0,0.7344,7,0,118,0.44
0203D0,PLUS 200위클리커버드콜채권혼합,9005,8996.0,-7.8832,18934,171,117,-1.42
266410,KODEX 필수소비재,9580,9580.0,12.1862,3883,37,115,0.31
428560,KODEX 미국ETF산업Top10 Indxx,15225,15288.0,-4.7127,2975,45,114,0.83
435040,ACE 글로벌브랜드TOP10,18950,18976.0,-6.5484,640,12,114,0.29
453660,KODEX 미국S&P500경기소비재,16165,16317.0,-12.5884,3404,55,113,-1.46
269370,TIGER S&P글로벌인프라(합성),16040,16040.0,-16.2922,851,13,112,-1.23
269530,PLUS S&P글로벌인프라,18685,18712.0,-16.6444,1770,32,112,-0.85
0000H0,KODEX 인도Nifty미드캡100,9730,9745.0,-13.6402,969,9,112,-3.28
430500,KIWOOM 물가채KIS,111500,111576.0,-0.5546,76,8,112,-1.31
252650,KODEX 200동일가중,18500,18554.0,0.3373,945,17,111,1.07
354240,RISE 미국고정배당우선증권,10040,10098.0,-12.6964,4559,45,110,-2.33
407820,에셋플러스 코리아플랫폼액티브,6120,6126.0,-13.7352,7025,43,110,-0.57
448490,HANARO 32-10 국고채액티브,52165,52233.0,-0.4906,622,32,110,-1.09
446700,RISE 배터리 리사이클링,10505,10489.0,1.442,1584,16,109,2.99
0093B0,RISE 엔비디아고정테크100,12770,12873.0,-3.9864,371,4,109,-0.82
0002C0,에셋플러스 인도일등기업포커스20액티브,9975,9967.0,-4.9813,240,2,108,-1.34
0227L0,HANARO 미국에이전틱AI TOP2+,10620,10690.0,,64287,681,106,0.43
0191S0,IBK 코스닥150,14310,14302.0,-10.8193,1189,17,106,0.35
451150,에셋플러스 글로벌영에이지액티브,16990,17099.0,-10.2294,3,0,105,-0.21
272570,RISE 중장기국공채액티브,107165,107135.0,0.2839,3,0,105,-0.51
0068M0,KODEX 미국S&P500버퍼6월액티브,11640,11743.0,-6.4323,4621,53,105,-0.6
419420,KODEX 미국클린에너지나스닥,8720,8838.0,-30.476,3800,33,105,-2.19
0189Z0,DAISHIN 금융&지주고배당,10445,10535.0,6.9418,2727,28,104,2.1
280920,PLUS 주도업종,23175,23150.0,-15.432,3532,81,104,-0.73
0216Z0,ACE K방산TOP5+,8685,8664.0,,30187,263,104,0.0
464610,SOL 의료기기소부장Fn,6715,6698.0,-15.8529,24997,167,104,1.21
0224D0,KIWOOM 미국CPU반도체TOP4+,10920,11204.0,,45850,508,104,-2.8
0113G0,KoAct 미국바이오헬스케어액티브,11495,11556.0,5.28,5718,65,103,0.26
140570,RISE 수출주,25845,26015.0,-5.5933,5371,140,103,0.41
310080,RISE 중국MSCI China(H),8945,8993.0,4.3181,428,3,103,-2.56
385710,TIME K이노베이션액티브,10265,10289.0,-21.2766,2240,23,103,2.75
0219B0,KoAct 광통신&위성네트워크액티브,12055,12064.0,,142397,1748,102,-1.47
438740,MIDAS 중소형액티브,34040,34006.0,-10.0334,71,2,102,0.83
291130,ACE MSCI멕시코(합성),17010,17162.0,-14.4279,133,2,102,-1.1
237440,TIGER 경기방어채권혼합,10135,10135.0,1.354,10140,102,101,0.3
371870,ACE 차이나항셍테크,6310,6276.0,-11.1499,1725,10,101,-1.02
460270,KIWOOM 미국달러SOFR금리액티브(합성),12435,12456.0,-10.5968,5163,64,101,0.61
463640,KODEX 미국S&P500유틸리티,12525,12542.0,-17.0937,2033,25,100,-2.98
482030,KoAct 반도체&2차전지핵심소재액티브,9430,9403.0,-9.2203,8927,83,99,1.89
281990,RISE 중소형고배당,17835,17859.0,5.1517,369,6,98,2.03
463690,KODEX 미국S&P500커뮤니케이션,17695,17844.0,-4.2553,2594,45,97,-0.98
0120J0,BNK 카카오그룹포커스,7745,7766.0,1.8012,24632,190,97,1.51
0001P0,마이티 바이오시밀러&CDMO액티브,8630,8602.0,-6.9377,583,5,97,0.52
0094L0,RISE 차이나테크TOP10위클리타겟커버드콜,6860,6877.0,-13.1873,5818,39,96,-2.56
181480,ACE 미국부동산리츠(합성 H),80040,80141.0,-1.5507,37,2,96,-2.62
230480,KIWOOM 미국달러선물인버스2X,4745,4745.0,27.5632,539,2,95,-0.94
487910,ACE 인도컨슈머파워액티브,7935,7941.0,-12.8945,4446,35,95,-0.87
139240,TIGER 200 철강소재,10815,10829.0,6.9101,22062,237,95,-0.14
429010,TIGER 미국나스닥넥스트100,18975,19116.0,-7.5085,445,8,95,-0.94
117690,TIGER 차이나항셍30,18970,18970.0,-4.5673,692,13,95,0.32
0242S0,파워 SK그룹,10510,10528.0,,35838,378,95,-2.23
461580,TIGER 코스닥글로벌,15560,15655.0,-10.1072,19159,300,93,0.26
301400,PLUS 코스닥150,14250,14323.0,-11.5731,6826,98,93,0.0
354350,HANARO 글로벌럭셔리S&P(합성),17720,17766.0,-19.0217,546,9,92,-0.42
0227K0,RISE 미국우주위성통신,9200,9337.0,,19480,179,92,-2.28
498050,HANARO 바이오코리아액티브,9675,9666.0,-17.3932,2184,21,92,0.1
341850,TIGER 리츠부동산인프라채권,4590,4582.0,4.8699,7406,33,92,-0.11
0174R0,KIWOOM 미국성장다우존스,11355,11449.0,-2.6849,2189,24,91,-0.44
399580,RISE 글로벌클린에너지,9075,9125.0,-25.9924,1478,13,91,-2.42
0084D0,KIWOOM 미국테크100월간목표헤지액티브,11330,11386.0,-10.9303,8416,94,91,-0.18
456250,KODEX 유럽명품TOP10 STOXX,7865,7854.0,-18.6888,3038,23,90,-0.82
466810,BNK 2차전지양극재,6020,6013.0,-0.7686,28736,171,90,3.61
217780,TIGER 차이나CSI300인버스(합성),5810,5878.0,20.6859,1414,8,90,3.2
497510,ACE 글로벌빅파마,12835,12815.0,-3.6259,624,7,90,1.14
266390,KODEX 경기소비재,14940,15025.0,-4.5018,420,6,90,0.44
0194N0,KIWOOM 삼성전자선물단일종목레버리지,11520,11452.0,-33.8869,60747,712,89,-10.35
494180,TIME 글로벌소비트렌드액티브,12720,12871.0,-4.8835,980,12,89,-1.05
395150,KODEX 웹툰&드라마,1852,1855.0,4.1119,12625,23,89,1.59
0216K0,KIWOOM 미국우주테크TOP2채권혼합50,8845,8961.0,,53563,474,88,-0.9
381570,HANARO Fn친환경에너지,10395,10354.0,-4.8804,5456,56,88,4.58
0221Z0,ACE K바이오코스닥액티브,9180,9163.0,,18607,172,87,2.23
270800,RISE KQ고배당,15855,15884.0,1.2911,2869,45,87,1.18
252000,TIGER 200동일가중,19330,19423.0,0.4599,196,3,87,0.89
215620,HK S&P코리아로우볼,16065,16192.0,7.3504,0,0,87,0.0
105010,TIGER 라틴35,6190,6203.0,-9.1575,2174,13,87,-2.06
0184N0,PLUS 은채권혼합,8530,8693.0,-2.4431,27100,231,85,-2.9
375270,RISE 글로벌데이터센터리츠(합성),13040,13110.0,-17.4903,685,8,85,-5.34
0133E0,TIGER 차이나증권,8070,8080.0,-16.8735,7854,64,85,-3.64
435540,KIWOOM TDF2040액티브 적격,16945,16993.0,-10.578,4633,78,85,-0.38
497520,ACE 일라이릴리밸류체인,13025,13040.0,2.5059,605,7,85,1.09
429980,SOL 한국형글로벌전기차&2차전지액티브,16905,17111.0,-19.1409,255,4,85,-0.21
0008E0,ACE 미국중심중소형제조업,11260,11386.0,-28.4864,1306,14,84,-1.31
0219Z0,HANARO 미국S&P500액티브,10485,10537.0,,63998,669,84,-0.33
0067Y0,TIGER 차이나AI소프트웨어,9295,9267.0,-28.4813,14951,139,84,-3.48
457930,BNK 미래전략기술액티브,27845,27700.0,-9.5909,57,1,84,-0.38
449680,TIGER 한중전기차(합성),9795,9807.0,-21.7791,35,0,83,-0.1
174350,TIGER 로우볼,20775,20925.0,8.8794,493,10,83,0.39
395750,PLUS ESG가치주액티브,20630,20568.0,-14.2916,5,0,83,-1.57
462340,에셋플러스 글로벌다이나믹시니어액티브,16450,16569.0,-1.8547,93,1,82,0.27
182490,TIGER 단기선진하이일드(합성 H),13695,13659.0,0.3991,87,1,82,-1.01
0226D0,FOCUS 금융반도체지주채권혼합50액티브,10230,10245.0,,1729,17,82,-1.45
371150,RISE 차이나항셍테크,6245,6253.0,-12.797,783,4,81,-1.11
395280,HANARO Fn K-게임,3425,3414.0,-5.0992,2587,8,80,2.24
0214M0,MIDAS 바이오헬스케어액티브,9430,9396.0,,2160,20,80,1.07
0226G0,WON 피지컬AI TOP2플러스액티브,12260,12259.0,,2093,25,80,-1.13
0215T0,HANARO 미국AI광통신TOP10,8845,9085.0,,13752,123,80,-3.23
227550,TIGER 200 산업재,12265,12239.0,-2.9953,60040,734,78,0.99
480460,WON 한국부동산TOP3플러스,9220,9269.0,3.2653,4702,43,78,-0.22
261110,TIGER 미국달러선물레버리지,15610,15598.0,-21.6655,1521,23,78,0.87
189400,PLUS 글로벌MSCI(합성 H),25930,25839.0,1.9155,153,3,78,-0.54
304670,KODEX 미국30년국채울트라선물인버스(H),12885,12884.0,4.5492,1382,17,77,3.83
285690,FOCUS ESG리더스,21740,21684.0,-7.5452,30,0,76,1.09
0176P0,FOCUS AI반도체위클리고정커버드콜,13800,13741.0,-10.4143,28237,395,76,-1.99
494210,SOL 미국500타겟데일리커버드콜액티브,10810,10832.0,-6.4183,9063,97,76,-0.32
227570,TIGER 우량가치,20915,21064.0,6.7198,11423,239,75,0.92
225800,KIWOOM 미국달러선물레버리지,14680,14672.0,-21.6465,6194,90,75,1.14
435530,KIWOOM TDF2030액티브 적격,14950,15048.0,-9.965,605,9,75,-0.93
0172Y0,ACE K수출핵심TOP10산업액티브,9255,9240.0,-16.4483,2775,25,74,0.11
0218K0,BNK 스마트카,10555,10538.0,,4,0,74,0.91
139660,KIWOOM 미국달러선물인버스,8485,8509.0,13.1875,3088,26,74,-0.64
487920,ACE 인도시장대표BIG5그룹액티브,7380,7375.0,-14.3019,1940,14,74,-2.64
402460,HANARO Fn K-메타버스MZ,14655,14602.0,-9.4975,223,3,73,2.41
0005C0,RISE 미국S&P500엔화노출(합성 H),11130,11241.0,-5.3255,2377,26,72,-0.62
253280,RISE 헬스케어,12040,12025.0,-9.1332,7397,89,72,2.56
437370,RISE 글로벌농업경제,10310,10340.0,-2.5086,4242,43,72,-0.87
225050,TIGER 유로스탁스레버리지(합성 H),15935,15937.0,0.3437,190,3,72,-0.75
315270,TIGER 200커뮤니케이션서비스,18825,18888.0,-4.8494,152,2,72,1.78
488480,RISE 일본섹터TOP4Plus,12990,12977.0,-10.1039,2528,32,71,1.09
0138D0,RISE 동학개미,12915,12902.0,-13.9566,845,11,71,-2.57
0094X0,1Q 샤오미밸류체인액티브,7875,7875.0,-8.4619,3867,30,71,-3.49
244670,KODEX 밸류Plus,11680,11708.0,6.3782,7030,81,70,1.52
400590,SOL 글로벌탄소배출권선물ICE(합성),13905,13955.0,-9.5693,1551,21,70,1.13
0082F0,HANARO 유럽방산,9880,9863.0,-8.4293,1234,12,69,-0.6
256450,PLUS 심천차이넥스트(합성),13575,13617.0,-28.6976,278,3,68,-6.6
176950,KODEX 국채선물10년인버스,61460,61392.0,1.7263,566,34,66,1.26
289670,PLUS 국채선물10년,51405,51493.0,-0.2971,2400,123,66,-1.18
326230,RISE 내수주플러스,10920,10918.0,-2.482,12,0,66,1.06
139290,TIGER 200 경기소비재,23355,23455.0,-17.2464,4841,113,65,1.19
450180,KODEX 한중전기차(합성),10050,10085.0,-21.4536,14,0,65,-0.54
0036Z0,RISE 미국천연가스밸류체인,11870,11870.0,-9.8312,2699,31,65,-0.63
456200,PLUS 미국달러SOFR금리액티브(합성),59135,59311.0,-11.0164,9,0,65,0.29
0191B0,MIDAS 코스닥액티브,32340,32208.0,-3.1645,819,26,65,-0.77
138920,KODEX 콩선물(H),12835,12868.0,15.7263,102,1,64,-1.46
250780,TIGER 코스닥150선물인버스,2420,2409.0,1.6949,128671,307,64,0.83
0047N0,PLUS 차이나AI테크TOP10,9060,8983.0,-11.5495,1104,9,63,-2.63
429740,PLUS K리츠,6160,6202.0,4.4604,9344,57,62,-0.48
307510,TIGER 의료기기,12310,12284.0,-9.0339,12257,151,62,2.71
368680,KODEX K-뉴딜디지털플러스,7635,7672.0,-0.1276,60,0,61,1.6
469530,RISE 미국달러선물인버스,9545,9529.0,13.4718,576,5,61,-0.16
400580,SOL 유럽탄소배출권선물S&P(H),12215,12244.0,5.4451,405,4,61,0.12
316300,ACE 싱가포르리츠,12165,12139.0,-13.7437,385,4,61,-1.5
483020,KIWOOM 의료AI,9325,9309.0,-1.4318,41551,386,61,4.19
0166T0,PLUS 글로벌저작권핵심기업액티브,9100,9189.0,-5.7771,10140,92,59,-1.25
451670,RISE 국채30년레버리지(합성),11790,11823.0,-7.9018,241,2,59,-3.2
314700,HANARO 농업융복합산업,10710,10739.0,-2.7143,1200,12,59,1.81
433250,UNICORN R&D 액티브,23220,23138.0,-14.7553,9,0,58,-1.61
267450,RISE 미국장기국채선물인버스(H),11605,11567.0,4.944,56,0,58,3.16
0053M0,더제이 중소형포커스액티브,12875,12865.0,-5.584,207,2,58,-0.46
0114X0,RISE 글로벌게임테크TOP3Plus,8885,8964.0,5.791,1242,11,58,0.28
401590,HANARO 글로벌탄소배출권선물ICE(합성),11110,11104.0,-10.2606,297,3,57,0.82
0229F0,마이티 신약포커스바이오액티브,8050,8041.0,,1174,9,56,0.56
291890,KODEX MSCI EM선물(H),12510,12365.0,-0.1977,328,4,56,-0.91
407300,HANARO Fn골프테마,10210,10226.0,-20.0112,1,0,56,-0.87
432600,RISE 국채선물3년,55065,55059.0,0.3909,7,0,55,-0.26
0184V0,UNICORN K바이오액티브,5240,5216.0,-26.6573,20879,110,55,0.77
0087F0,ACE 차이나AI빅테크TOP2+액티브,11000,11133.0,-16.7398,1467,16,55,-3.42
470310,UNICORN 생성형AI강소기업액티브,18275,18398.0,5.0393,731,13,55,1.36
238670,PLUS 스마트베타Quality채권혼합,13540,13435.0,3.2036,9453,127,54,0.07
499150,SOL 미국S&P500엔화노출(H),10695,10849.0,-5.5846,576,6,53,-0.97
390400,KODEX 미국스마트모빌리티S&P,6670,6731.0,-21.0479,5421,36,53,-1.4
220130,SOL 차이나강소기업CSI500(합성 H),6560,6562.0,-7.9599,43,0,52,-4.65
0174J0,DAISHIN 오피스리츠플러스,8745,8809.0,2.9701,13449,118,52,-0.79
0102X0,ACE 유럽방산TOP10,8725,8752.0,-10.1661,1148,9,52,-1.13
483030,KIWOOM 미국블록버스터바이오테크의약품+,11585,11654.0,-2.4234,4601,53,52,0.35
0015E0,KIWOOM 엔비디아미국30년국채혼합액티브(H),10320,10345.0,-0.9835,902,9,52,-2.04
219900,ACE 중국본토CSI300레버리지(합성),3665,3656.0,-34.5834,1711,6,51,-6.62
476310,RISE 글로벌비만산업TOP2+,9295,9366.0,-12.1992,347,3,51,0.98
291630,KIWOOM 코스닥150선물레버리지,3525,3524.0,-30.6183,76776,276,51,-0.28
295000,RISE 국채선물10년,50685,50719.0,-0.62,13,0,51,-1.19
0132D0,KoAct 글로벌K컬처밸류체인액티브,9150,9150.0,1.1198,334,3,50,1.33
413220,SOL 차이나태양광CSI(합성),4115,4178.0,-28.5479,15172,62,49,-4.97
411860,KIWOOM 독일DAX,16200,16122.0,-9.0124,433,7,49,-0.52
0154H0,KoAct 차이나바이오헬스케어액티브,8720,8824.0,18.0156,7373,64,48,-3.54
0015K0,TIGER 미국소비트렌드액티브,6820,6905.0,-7.5269,39,0,48,-0.87
227560,TIGER 200 생활소비재,12465,12517.0,4.3977,505,6,47,0.16
0073X0,FOCUS 알리바바미국채커버드콜혼합,8560,8575.0,-11.8292,2354,20,47,-2.78
267440,RISE 미국장기국채선물(H),7760,7763.0,-2.2005,827,6,47,-3.0
490330,KoAct 미국치매&뇌질환치료제액티브,13235,13344.0,-11.2404,7142,95,46,-3.68
252420,RISE 200선물인버스2X,76,77.0,-7.6924,4023804,303,46,5.56
266550,PLUS 중형주저변동50,18290,18299.0,0.8613,17,0,46,0.77
474390,SOL 국고채30년액티브,39955,40135.0,-2.9174,1484,59,46,-1.99
498610,RISE 인도디지털성장,7565,7565.0,-8.6238,569,4,45,-2.89
0128D0,PLUS 차이나항셍테크위클리타겟커버드콜,6445,6423.0,-11.9389,2313,14,45,-0.85
0078V0,PLUS 미국로보택시,8865,8937.0,-12.9187,338,3,44,-2.58
391600,ACE 미국친환경그린테마,9785,9900.0,-21.198,561,5,44,-3.41
205720,ACE 일본TOPIX인버스(합성 H),1441,1448.0,-3.2215,230,0,43,-0.07
277650,TIGER 코스피중형주,21145,21221.0,-1.3664,105,2,42,1.0
373790,KIWOOM 미국방어배당성장나스닥,14770,14743.0,-10.5315,242,3,41,-0.07
0050E0,PLUS 미국AI에이전트,8125,8226.0,4.939,939,7,41,-0.67
226380,ACE Fn성장소비주도주,5710,5752.0,4.0627,242,1,40,1.33
291680,RISE 차이나H선물인버스(H),7955,7980.0,-7.7648,77,0,40,1.47
243890,TIGER 200에너지화학레버리지,8795,8776.0,-8.6649,22197,196,40,4.95
0131A0,SOL 차이나소비트렌드,7065,7081.0,-15.3074,8397,59,39,-1.4
334690,RISE 팔라듐선물(H),5525,5542.0,3.8222,8263,46,39,-5.39
244660,KODEX 퀄리티Plus,9305,9317.0,5.2691,10,0,37,1.31
225030,TIGER 미국S&P500선물인버스(H),2255,2249.0,-4.2736,2681,6,37,0.67
427120,RISE AI플랫폼,5280,5270.0,5.0968,1343,7,36,2.42
267490,RISE 미국장기국채선물레버리지(합성 H),4620,4619.0,-6.3628,9988,46,32,-6.29
0079X0,ACE BYD밸류체인액티브,9040,9025.0,-17.5354,2583,23,32,-3.16
321410,KODEX 멀티에셋하이인컴(H),10425,10487.0,0.759,14,0,31,-1.28
306530,HANARO 코스닥150선물레버리지,7000,7013.0,-30.9956,19909,143,31,-0.5
476000,UNICORN 포스트IPO액티브,5225,5262.0,-21.9419,12433,64,29,2.35
280940,KODEX 골드선물인버스(H),3590,3608.0,-5.8345,19111,67,29,3.46
491630,RISE 미국반도체인버스(합성 H),4925,4847.0,2.9661,4596,22,28,1.34
145670,ACE 인버스,1269,1274.0,4.8551,102066,128,28,3.09
252410,RISE 200선물인버스,1293,1298.0,4.2394,84675,108,27,3.11
253230,KIWOOM 200선물인버스2X,73,73.0,-5.5556,3401813,243,24,7.35
275750,RISE 코스닥150선물인버스,2430,2433.0,1.4644,14234,34,23,0.21
334700,RISE 팔라듐선물인버스(H),3515,3514.0,-8.6302,790,2,23,5.4
280320,ACE 미국IT인터넷(합성 H),21720,21821.0,10.3833,7,0,22,-0.09
291620,KIWOOM 코스닥150선물인버스,4260,4268.0,1.7857,15237,63,20,-0.35
253240,KIWOOM 200선물인버스,1288,1295.0,3.9933,33590,42,16,3.04
306520,HANARO 200선물인버스,2340,2352.0,5.324,9359,21,14,2.86
253160,PLUS 200선물인버스2X,148,148.0,-6.6667,669136,97,14,5.71
261920,ACE MSCI필리핀(합성),11470,11569.0,-17.2773,267,3,11,-0.39
412560,TIGER BBIG레버리지,1585,1588.0,-14.6315,22432,35,10,4.48
465620,ACE 미국빅테크TOP7 Plus인버스(합성),6480,6398.0,-1.3128,273,1,6,1.41
